"well","plate","replc","abs","starch","x","comp","c.len"
"A01","A","1",1.553,TRUE,0,"C",1
"A01","A","1",0.186,FALSE,0.5,"C",1
"A01","A","1",2.004,TRUE,0.5,"C",1
"A01","A","1",1.811,TRUE,0.25,"C",1
"A01","A","1",1.728,TRUE,0.125,"C",1
"A01","A","1",1.697,TRUE,0.05,"C",1
"A01","A","2",0.06,FALSE,0.5,"C",1
"A01","A","2",1.721,TRUE,0.5,"C",1
"A01","A","2",1.73,TRUE,0.25,"C",1
"A01","A","2",1.687,TRUE,0.125,"C",1
"A01","A","2",1.714,TRUE,0.05,"C",1
"A01","A","2",1.683,TRUE,0.025,"C",1
"A01","B","1",0.001,FALSE,0.5,"C-E-L-M-P",5
"A01","B","1",0.004,TRUE,0.5,"C-E-L-M-P",5
"A01","B","1",0.005,TRUE,0.25,"C-E-L-M-P",5
"A01","B","1",0.014,TRUE,0.125,"C-E-L-M-P",5
"A01","B","1",1.388,TRUE,0.05,"C-E-L-M-P",5
"A02","A","1",1.662,TRUE,0,"C-E",2
"A02","A","1",0.002,FALSE,0.5,"C-E",2
"A02","A","1",1.455,TRUE,0.5,"C-E",2
"A02","A","1",1.556,TRUE,0.25,"C-E",2
"A02","A","1",1.581,TRUE,0.125,"C-E",2
"A02","A","1",1.731,TRUE,0.05,"C-E",2
"A02","A","1",1.658,TRUE,0.025,"C-E",2
"A02","A","2",0.002,FALSE,0.5,"C-E",2
"A02","A","2",1.472,TRUE,0.5,"C-E",2
"A02","A","2",1.601,TRUE,0.25,"C-E",2
"A02","A","2",1.619,TRUE,0.125,"C-E",2
"A02","A","2",1.691,TRUE,0.05,"C-E",2
"A02","A","2",1.819,TRUE,0.025,"C-E",2
"A02","B","1",0.002,FALSE,0.5,"C-E-M-S-T",5
"A02","B","1",0.004,TRUE,0.5,"C-E-M-S-T",5
"A02","B","1",0.024,TRUE,0.25,"C-E-M-S-T",5
"A02","B","1",0.19,TRUE,0.125,"C-E-M-S-T",5
"A02","B","1",1.235,TRUE,0.05,"C-E-M-S-T",5
"A02","B","1",1.572,TRUE,0.025,"C-E-M-S-T",5
"A03","A","1",1.68,TRUE,0,"E-L",2
"A03","A","1",0.008,FALSE,0.5,"E-L",2
"A03","A","1",1.517,TRUE,0.5,"E-L",2
"A03","A","1",1.628,TRUE,0.25,"E-L",2
"A03","A","1",1.648,TRUE,0.125,"E-L",2
"A03","A","1",1.755,TRUE,0.05,"E-L",2
"A03","A","1",1.641,TRUE,0.025,"E-L",2
"A03","A","2",0.014,FALSE,0.5,"E-L",2
"A03","A","2",1.576,TRUE,0.5,"E-L",2
"A03","A","2",1.653,TRUE,0.25,"E-L",2
"A03","A","2",1.565,TRUE,0.125,"E-L",2
"A03","A","2",1.724,TRUE,0.05,"E-L",2
"A03","A","2",1.77,TRUE,0.025,"E-L",2
"A03","B","1",0.001,FALSE,0.5,"E-L-M-P-S",5
"A03","B","1",0.002,TRUE,0.5,"E-L-M-P-S",5
"A03","B","1",0.004,TRUE,0.25,"E-L-M-P-S",5
"A03","B","1",0.005,TRUE,0.125,"E-L-M-P-S",5
"A03","B","1",0.33,TRUE,0.05,"E-L-M-P-S",5
"A03","B","1",1.093,TRUE,0.025,"E-L-M-P-S",5
"A04","A","1",1.543,TRUE,0,"L-M",2
"A04","A","1",0.013,FALSE,0.5,"L-M",2
"A04","A","1",1.491,TRUE,0.5,"L-M",2
"A04","A","1",1.719,TRUE,0.25,"L-M",2
"A04","A","1",1.614,TRUE,0.125,"L-M",2
"A04","A","1",1.744,TRUE,0.05,"L-M",2
"A04","A","1",1.666,TRUE,0.025,"L-M",2
"A04","A","2",0.045,FALSE,0.5,"L-M",2
"A04","A","2",1.65,TRUE,0.5,"L-M",2
"A04","A","2",1.774,TRUE,0.25,"L-M",2
"A04","A","2",1.644,TRUE,0.125,"L-M",2
"A04","A","2",1.708,TRUE,0.05,"L-M",2
"A04","A","2",1.799,TRUE,0.025,"L-M",2
"A04","B","1",0.002,FALSE,0.5,"E-L-M-P-S-T",6
"A04","B","1",0.002,TRUE,0.5,"E-L-M-P-S-T",6
"A04","B","1",0.004,TRUE,0.25,"E-L-M-P-S-T",6
"A04","B","1",0.005,TRUE,0.125,"E-L-M-P-S-T",6
"A04","B","1",0.159,TRUE,0.05,"E-L-M-P-S-T",6
"A04","B","1",1.247,TRUE,0.025,"E-L-M-P-S-T",6
"A05","A","1",1.656,TRUE,0,"C-E-L",3
"A05","A","1",0.003,FALSE,0.5,"C-E-L",3
"A05","A","1",1.432,TRUE,0.5,"C-E-L",3
"A05","A","1",1.595,TRUE,0.25,"C-E-L",3
"A05","A","1",1.597,TRUE,0.125,"C-E-L",3
"A05","A","1",1.758,TRUE,0.05,"C-E-L",3
"A05","A","1",1.573,TRUE,0.025,"C-E-L",3
"A05","A","2",0.002,FALSE,0.5,"C-E-L",3
"A05","A","2",1.384,TRUE,0.5,"C-E-L",3
"A05","A","2",1.657,TRUE,0.25,"C-E-L",3
"A05","A","2",1.602,TRUE,0.125,"C-E-L",3
"A05","A","2",1.61,TRUE,0.05,"C-E-L",3
"A05","A","2",1.768,TRUE,0.025,"C-E-L",3
"A06","A","1",1.634,TRUE,0,"C-M-T",3
"A06","A","1",0.002,FALSE,0.5,"C-M-T",3
"A06","A","1",0.013,TRUE,0.5,"C-M-T",3
"A06","A","1",0.09,TRUE,0.25,"C-M-T",3
"A06","A","1",0.546,TRUE,0.125,"C-M-T",3
"A06","A","1",1.36,TRUE,0.05,"C-M-T",3
"A06","A","1",1.523,TRUE,0.025,"C-M-T",3
"A06","B","2",0.001,FALSE,0.5,NA,NA
"A06","B","2",0.002,TRUE,0.5,NA,NA
"A06","B","2",0.005,TRUE,0.25,NA,NA
"A06","B","2",0.071,TRUE,0.125,NA,NA
"A06","B","2",1.361,TRUE,0.05,NA,NA
"A06","B","2",1.537,TRUE,0.025,NA,NA
"A07","A","1",1.63,TRUE,0,"E-M-T",3
"A07","A","1",0.002,FALSE,0.5,"E-M-T",3
"A07","A","1",0.007,TRUE,0.5,"E-M-T",3
"A07","A","1",0.037,TRUE,0.25,"E-M-T",3
"A07","A","1",0.293,TRUE,0.125,"E-M-T",3
"A07","A","1",1.325,TRUE,0.05,"E-M-T",3
"A07","A","1",1.346,TRUE,0.025,"E-M-T",3
"A07","A","2",0.002,FALSE,0.5,"E-M-T",3
"A07","A","2",0.00600000000000001,TRUE,0.5,"E-M-T",3
"A07","A","2",0.03,TRUE,0.25,"E-M-T",3
"A07","A","2",0.334,TRUE,0.125,"E-M-T",3
"A07","A","2",1.126,TRUE,0.05,"E-M-T",3
"A07","B","2",0.001,FALSE,0.5,NA,NA
"A07","B","2",0.004,TRUE,0.5,NA,NA
"A07","B","2",0.034,TRUE,0.25,NA,NA
"A07","B","2",0.203,TRUE,0.125,NA,NA
"A07","B","2",1.148,TRUE,0.05,NA,NA
"A07","B","2",1.593,TRUE,0.025,NA,NA
"A08","A","1",1.53,TRUE,0,"L-M-P",3
"A08","A","1",0.002,FALSE,0.5,"L-M-P",3
"A08","A","1",0.004,TRUE,0.5,"L-M-P",3
"A08","A","1",0.004,TRUE,0.25,"L-M-P",3
"A08","A","1",0.008,TRUE,0.125,"L-M-P",3
"A08","A","1",0.345,TRUE,0.05,"L-M-P",3
"A08","A","1",1.324,TRUE,0.025,"L-M-P",3
"A08","A","2",0.001,FALSE,0.5,"L-M-P",3
"A08","A","2",0.003,TRUE,0.5,"L-M-P",3
"A08","A","2",0.004,TRUE,0.25,"L-M-P",3
"A08","A","2",0.00600000000000001,TRUE,0.125,"L-M-P",3
"A08","A","2",0.284,TRUE,0.05,"L-M-P",3
"A08","A","2",1.341,TRUE,0.025,"L-M-P",3
"A09","A","1",1.585,TRUE,0,"C-E-L-T",4
"A09","A","1",0.002,FALSE,0.5,"C-E-L-T",4
"A09","A","1",0.01,TRUE,0.5,"C-E-L-T",4
"A09","A","1",0.062,TRUE,0.25,"C-E-L-T",4
"A09","A","1",0.429,TRUE,0.125,"C-E-L-T",4
"A09","A","1",1.336,TRUE,0.05,"C-E-L-T",4
"A09","A","1",1.456,TRUE,0.025,"C-E-L-T",4
"A09","A","2",0.001,FALSE,0.5,"C-E-L-T",4
"A09","A","2",0.009,TRUE,0.5,"C-E-L-T",4
"A09","A","2",0.085,TRUE,0.25,"C-E-L-T",4
"A09","A","2",0.392,TRUE,0.125,"C-E-L-T",4
"A09","A","2",1.441,TRUE,0.05,"C-E-L-T",4
"A09","A","2",1.579,TRUE,0.025,"C-E-L-T",4
"A09","B","2",0.001,FALSE,0.5,NA,NA
"A09","B","2",0.002,TRUE,0.5,NA,NA
"A09","B","2",0.004,TRUE,0.25,NA,NA
"A09","B","2",0.004,TRUE,0.125,NA,NA
"A09","B","2",0.283,TRUE,0.05,NA,NA
"A09","B","2",1.369,TRUE,0.025,NA,NA
"A10","A","1",1.692,TRUE,0,"E-L-M-P",4
"A10","A","1",0.002,FALSE,0.5,"E-L-M-P",4
"A10","A","1",0.004,TRUE,0.5,"E-L-M-P",4
"A10","A","1",0.005,TRUE,0.25,"E-L-M-P",4
"A10","A","1",0.011,TRUE,0.125,"E-L-M-P",4
"A10","A","1",0.857,TRUE,0.05,"E-L-M-P",4
"A10","A","1",1.425,TRUE,0.025,"E-L-M-P",4
"A10","A","2",0.002,FALSE,0.5,"E-L-M-P",4
"A10","A","2",0.003,TRUE,0.5,"E-L-M-P",4
"A10","A","2",0.005,TRUE,0.25,"E-L-M-P",4
"A10","A","2",0.009,TRUE,0.125,"E-L-M-P",4
"A10","A","2",0.993,TRUE,0.05,"E-L-M-P",4
"A10","A","2",1.548,TRUE,0.025,"E-L-M-P",4
"A11","A","1",1.675,TRUE,0,"E-M-S-T",4
"A11","A","1",0.002,FALSE,0.5,"E-M-S-T",4
"A11","A","1",0.009,TRUE,0.5,"E-M-S-T",4
"A11","A","1",0.042,TRUE,0.25,"E-M-S-T",4
"A11","A","1",0.228,TRUE,0.125,"E-M-S-T",4
"A11","A","1",1.143,TRUE,0.05,"E-M-S-T",4
"A11","A","1",1.384,TRUE,0.025,"E-M-S-T",4
"A11","A","2",0.001,FALSE,0.5,"E-M-S-T",4
"A11","A","2",0.00600000000000001,TRUE,0.5,"E-M-S-T",4
"A11","A","2",0.022,TRUE,0.25,"E-M-S-T",4
"A11","A","2",0.175,TRUE,0.125,"E-M-S-T",4
"A11","A","2",1.161,TRUE,0.05,"E-M-S-T",4
"A11","A","2",1.567,TRUE,0.025,"E-M-S-T",4
"B01","A","1",1.699,TRUE,0,"E",1
"B01","A","1",0.095,FALSE,0.5,"E",1
"B01","A","1",1.886,TRUE,0.5,"E",1
"B01","A","1",1.729,TRUE,0.25,"E",1
"B01","A","1",1.709,TRUE,0.125,"E",1
"B01","A","1",1.716,TRUE,0.05,"E",1
"B01","A","1",1.653,TRUE,0.025,"E",1
"B01","A","2",0.153,FALSE,0.5,"E",1
"B01","A","2",1.884,TRUE,0.5,"E",1
"B01","A","2",1.774,TRUE,0.25,"E",1
"B01","A","2",1.682,TRUE,0.125,"E",1
"B01","A","2",1.695,TRUE,0.05,"E",1
"B01","A","2",1.665,TRUE,0.025,"E",1
"B01","B","1",0.001,FALSE,0.5,"C-E-L-M-S",5
"B01","B","1",0.041,TRUE,0.5,"C-E-L-M-S",5
"B01","B","1",0.564,TRUE,0.25,"C-E-L-M-S",5
"B01","B","1",1.116,TRUE,0.125,"C-E-L-M-S",5
"B01","B","1",1.434,TRUE,0.05,"C-E-L-M-S",5
"B02","A","1",1.734,TRUE,0,"C-L",2
"B02","A","1",0.036,FALSE,0.5,"C-L",2
"B02","A","1",1.793,TRUE,0.5,"C-L",2
"B02","A","1",1.677,TRUE,0.25,"C-L",2
"B02","A","1",1.724,TRUE,0.125,"C-L",2
"B02","A","1",1.741,TRUE,0.05,"C-L",2
"B02","A","1",1.61,TRUE,0.025,"C-L",2
"B02","A","2",0.376,FALSE,0.5,"C-L",2
"B02","A","2",2.149,TRUE,0.5,"C-L",2
"B02","A","2",1.908,TRUE,0.25,"C-L",2
"B02","A","2",1.758,TRUE,0.125,"C-L",2
"B02","A","2",1.736,TRUE,0.05,"C-L",2
"B02","A","2",1.632,TRUE,0.025,"C-L",2
"B02","B","1",0.001,FALSE,0.5,"C-E-P-S-T",5
"B02","B","1",0.002,TRUE,0.5,"C-E-P-S-T",5
"B02","B","1",0.004,TRUE,0.25,"C-E-P-S-T",5
"B02","B","1",0.00600000000000001,TRUE,0.125,"C-E-P-S-T",5
"B02","B","1",0.251,TRUE,0.05,"C-E-P-S-T",5
"B02","B","1",0.861,TRUE,0.025,"C-E-P-S-T",5
"B03","A","2",0.003,FALSE,0.5,"E-M",2
"B03","A","2",0.833,TRUE,0.5,"E-M",2
"B03","A","2",1.408,TRUE,0.25,"E-M",2
"B03","A","2",1.56,TRUE,0.125,"E-M",2
"B03","A","2",1.625,TRUE,0.05,"E-M",2
"B03","A","2",1.577,TRUE,0.025,"E-M",2
"B03","B","1",0.001,FALSE,0.5,"E-L-M-P-T",5
"B03","B","1",0.002,TRUE,0.5,"E-L-M-P-T",5
"B03","B","1",0.00600000000000001,TRUE,0.25,"E-L-M-P-T",5
"B03","B","1",0.019,TRUE,0.125,"E-L-M-P-T",5
"B03","B","1",0.713,TRUE,0.05,"E-L-M-P-T",5
"B03","B","1",1.237,TRUE,0.025,"E-L-M-P-T",5
"B04","A","1",1.523,TRUE,0,"L-P",2
"B04","A","1",0.002,FALSE,0.5,"L-P",2
"B04","A","1",0.003,TRUE,0.5,"L-P",2
"B04","A","1",0.004,TRUE,0.25,"L-P",2
"B04","A","1",0.028,TRUE,0.125,"L-P",2
"B04","A","2",0.001,FALSE,0.5,"L-P",2
"B04","A","2",0.003,TRUE,0.5,"L-P",2
"B04","A","2",0.004,TRUE,0.25,"L-P",2
"B04","A","2",0.00600000000000001,TRUE,0.125,"L-P",2
"B04","A","2",0.775,TRUE,0.05,"L-P",2
"B04","A","2",1.114,TRUE,0.025,"L-P",2
"B04","B","1",0.002,FALSE,0.5,"C-L-M-P-S-T",6
"B04","B","1",0.002,TRUE,0.5,"C-L-M-P-S-T",6
"B04","B","1",0.004,TRUE,0.25,"C-L-M-P-S-T",6
"B04","B","1",0.00600000000000001,TRUE,0.125,"C-L-M-P-S-T",6
"B04","B","1",0.425,TRUE,0.05,"C-L-M-P-S-T",6
"B04","B","1",0.903,TRUE,0.025,"C-L-M-P-S-T",6
"B05","A","1",1.718,TRUE,0,"C-E-M",3
"B05","A","1",0.002,FALSE,0.5,"C-E-M",3
"B05","A","1",1.506,TRUE,0.5,"C-E-M",3
"B05","A","1",1.463,TRUE,0.25,"C-E-M",3
"B05","A","1",1.608,TRUE,0.125,"C-E-M",3
"B05","A","1",1.748,TRUE,0.05,"C-E-M",3
"B05","A","1",1.578,TRUE,0.025,"C-E-M",3
"B05","A","2",0.002,FALSE,0.5,"C-E-M",3
"B05","A","2",1.426,TRUE,0.5,"C-E-M",3
"B05","A","2",1.584,TRUE,0.25,"C-E-M",3
"B05","A","2",1.585,TRUE,0.125,"C-E-M",3
"B05","A","2",1.566,TRUE,0.05,"C-E-M",3
"B05","A","2",1.684,TRUE,0.025,"C-E-M",3
"B06","A","1",1.662,TRUE,0,"C-P-T",3
"B06","A","1",0.001,FALSE,0.5,"C-P-T",3
"B06","A","1",0.005,TRUE,0.5,"C-P-T",3
"B06","A","1",0.012,TRUE,0.25,"C-P-T",3
"B06","A","1",0.54,TRUE,0.125,"C-P-T",3
"B06","B","2",0.001,FALSE,0.5,NA,NA
"B06","B","2",0.044,TRUE,0.5,NA,NA
"B06","B","2",0.406,TRUE,0.25,NA,NA
"B06","B","2",1.058,TRUE,0.125,NA,NA
"B06","B","2",1.371,TRUE,0.05,NA,NA
"B06","B","2",1.349,TRUE,0.025,NA,NA
"B07","A","1",1.672,TRUE,0,"E-P-S",3
"B07","A","1",0.002,FALSE,0.5,"E-P-S",3
"B07","A","1",0.004,TRUE,0.5,"E-P-S",3
"B07","A","1",0.005,TRUE,0.25,"E-P-S",3
"B07","A","1",0.00600000000000001,TRUE,0.125,"E-P-S",3
"B07","A","1",0.428,TRUE,0.05,"E-P-S",3
"B07","A","1",0.866,TRUE,0.025,"E-P-S",3
"B07","A","2",0.001,FALSE,0.5,"E-P-S",3
"B07","A","2",0.003,TRUE,0.5,"E-P-S",3
"B07","A","2",0.003,TRUE,0.25,"E-P-S",3
"B07","A","2",0.005,TRUE,0.125,"E-P-S",3
"B07","A","2",0.363,TRUE,0.05,"E-P-S",3
"B07","A","2",0.755,TRUE,0.025,"E-P-S",3
"B07","B","2",0,FALSE,0.5,NA,NA
"B07","B","2",0.002,TRUE,0.5,NA,NA
"B07","B","2",0.004,TRUE,0.25,NA,NA
"B07","B","2",0.007,TRUE,0.125,NA,NA
"B07","B","2",0.288,TRUE,0.05,NA,NA
"B07","B","2",0.924,TRUE,0.025,NA,NA
"B08","A","1",1.535,TRUE,0,"L-M-S",3
"B08","A","1",0.002,FALSE,0.5,"L-M-S",3
"B08","A","1",0.545,TRUE,0.5,"L-M-S",3
"B08","A","1",1.045,TRUE,0.25,"L-M-S",3
"B08","A","1",1.602,TRUE,0.125,"L-M-S",3
"B08","A","1",1.641,TRUE,0.05,"L-M-S",3
"B08","A","1",1.659,TRUE,0.025,"L-M-S",3
"B08","A","2",0.002,FALSE,0.5,"L-M-S",3
"B08","A","2",0.481,TRUE,0.5,"L-M-S",3
"B08","A","2",1.024,TRUE,0.25,"L-M-S",3
"B08","A","2",1.379,TRUE,0.125,"L-M-S",3
"B08","A","2",1.571,TRUE,0.05,"L-M-S",3
"B08","A","2",1.652,TRUE,0.025,"L-M-S",3
"B09","A","1",1.666,TRUE,0,"C-E-M-P",4
"B09","A","1",0.001,FALSE,0.5,"C-E-M-P",4
"B09","A","1",0.005,TRUE,0.5,"C-E-M-P",4
"B09","A","1",0.01,TRUE,0.25,"C-E-M-P",4
"B09","A","1",0.389,TRUE,0.125,"C-E-M-P",4
"B09","A","1",1.534,TRUE,0.05,"C-E-M-P",4
"B09","A","1",1.441,TRUE,0.025,"C-E-M-P",4
"B09","A","2",0.001,FALSE,0.5,"C-E-M-P",4
"B09","A","2",0.005,TRUE,0.5,"C-E-M-P",4
"B09","A","2",0.007,TRUE,0.25,"C-E-M-P",4
"B09","A","2",0.047,TRUE,0.125,"C-E-M-P",4
"B09","A","2",0.919,TRUE,0.05,"C-E-M-P",4
"B09","A","2",1.389,TRUE,0.025,"C-E-M-P",4
"B09","B","2",0.001,FALSE,0.5,NA,NA
"B09","B","2",0.002,TRUE,0.5,NA,NA
"B09","B","2",0.004,TRUE,0.25,NA,NA
"B09","B","2",0.00600000000000001,TRUE,0.125,NA,NA
"B09","B","2",0.096,TRUE,0.05,NA,NA
"B09","B","2",0.864,TRUE,0.025,NA,NA
"B10","A","1",1.701,TRUE,0,"E-L-M-S",4
"B10","A","1",0.002,FALSE,0.5,"E-L-M-S",4
"B10","A","1",0.231,TRUE,0.5,"E-L-M-S",4
"B10","A","1",0.737,TRUE,0.25,"E-L-M-S",4
"B10","A","1",1.25,TRUE,0.125,"E-L-M-S",4
"B10","A","1",1.6,TRUE,0.05,"E-L-M-S",4
"B10","A","1",1.579,TRUE,0.025,"E-L-M-S",4
"B10","A","2",0.002,FALSE,0.5,"E-L-M-S",4
"B10","A","2",0.4,TRUE,0.5,"E-L-M-S",4
"B10","A","2",0.919,TRUE,0.25,"E-L-M-S",4
"B10","A","2",1.309,TRUE,0.125,"E-L-M-S",4
"B10","A","2",1.583,TRUE,0.05,"E-L-M-S",4
"B10","A","2",1.684,TRUE,0.025,"E-L-M-S",4
"B11","A","1",1.686,TRUE,0,"E-P-S-T",4
"B11","A","1",0.002,FALSE,0.5,"E-P-S-T",4
"B11","A","1",0.004,TRUE,0.5,"E-P-S-T",4
"B11","A","1",0.005,TRUE,0.25,"E-P-S-T",4
"B11","A","1",0.00600000000000001,TRUE,0.125,"E-P-S-T",4
"B11","A","1",0.591,TRUE,0.05,"E-P-S-T",4
"B11","A","1",1,TRUE,0.025,"E-P-S-T",4
"B11","A","2",0.001,FALSE,0.5,"E-P-S-T",4
"B11","A","2",0.003,TRUE,0.5,"E-P-S-T",4
"B11","A","2",0.005,TRUE,0.25,"E-P-S-T",4
"B11","A","2",0.005,TRUE,0.125,"E-P-S-T",4
"B11","A","2",0.238,TRUE,0.05,"E-P-S-T",4
"B11","A","2",0.776,TRUE,0.025,"E-P-S-T",4
"C01","A","1",1.69,TRUE,0,"L",1
"C01","A","1",0.009,FALSE,0.5,"L",1
"C01","A","1",1.63,TRUE,0.5,"L",1
"C01","A","1",1.687,TRUE,0.25,"L",1
"C01","A","1",1.605,TRUE,0.125,"L",1
"C01","A","1",1.689,TRUE,0.05,"L",1
"C01","A","1",1.67,TRUE,0.025,"L",1
"C01","A","2",0.019,FALSE,0.5,"L",1
"C01","A","2",1.568,TRUE,0.5,"L",1
"C01","A","2",1.623,TRUE,0.25,"L",1
"C01","A","2",1.654,TRUE,0.125,"L",1
"C01","A","2",1.596,TRUE,0.05,"L",1
"C01","A","2",1.827,TRUE,0.025,"L",1
"C01","B","1",0.001,FALSE,0.5,"C-E-L-M-T",5
"C01","B","1",0.04,TRUE,0.5,"C-E-L-M-T",5
"C01","B","1",0.415,TRUE,0.25,"C-E-L-M-T",5
"C01","B","1",1.014,TRUE,0.125,"C-E-L-M-T",5
"C01","B","1",1.669,TRUE,0.05,"C-E-L-M-T",5
"C01","B","1",1.495,TRUE,0.025,"C-E-L-M-T",5
"C02","A","1",1.607,TRUE,0,"C-M",2
"C02","A","1",0.003,FALSE,0.5,"C-M",2
"C02","A","1",1.399,TRUE,0.5,"C-M",2
"C02","A","1",1.571,TRUE,0.25,"C-M",2
"C02","A","1",1.548,TRUE,0.125,"C-M",2
"C02","A","1",1.624,TRUE,0.05,"C-M",2
"C02","A","1",1.614,TRUE,0.025,"C-M",2
"C02","A","2",0.136,FALSE,0.5,"C-M",2
"C02","A","2",1.884,TRUE,0.5,"C-M",2
"C02","A","2",1.696,TRUE,0.25,"C-M",2
"C02","A","2",1.604,TRUE,0.125,"C-M",2
"C02","A","2",1.568,TRUE,0.05,"C-M",2
"C02","A","2",1.853,TRUE,0.025,"C-M",2
"C02","B","1",0.001,FALSE,0.5,"C-L-M-P-S",5
"C02","B","1",0.002,TRUE,0.5,"C-L-M-P-S",5
"C02","B","1",0.004,TRUE,0.25,"C-L-M-P-S",5
"C02","B","1",0.007,TRUE,0.125,"C-L-M-P-S",5
"C02","B","1",0.619,TRUE,0.05,"C-L-M-P-S",5
"C02","B","1",1.063,TRUE,0.025,"C-L-M-P-S",5
"C03","A","1",1.694,TRUE,0,"E-P",2
"C03","A","1",0.004,FALSE,0.5,"E-P",2
"C03","A","1",0.004,TRUE,0.5,"E-P",2
"C03","A","1",0.005,TRUE,0.25,"E-P",2
"C03","A","1",0.038,TRUE,0.125,"E-P",2
"C03","A","1",0.744,TRUE,0.05,"E-P",2
"C03","A","1",1.25,TRUE,0.025,"E-P",2
"C03","A","2",0.002,FALSE,0.5,"E-P",2
"C03","A","2",0.004,TRUE,0.5,"E-P",2
"C03","A","2",0.00600000000000001,TRUE,0.25,"E-P",2
"C03","A","2",0.072,TRUE,0.125,"E-P",2
"C03","A","2",0.817,TRUE,0.05,"E-P",2
"C03","A","2",1.604,TRUE,0.025,"E-P",2
"C03","B","1",0.002,FALSE,0.5,"E-L-M-S-T",5
"C03","B","1",0.004,TRUE,0.5,"E-L-M-S-T",5
"C03","B","1",0.018,TRUE,0.25,"E-L-M-S-T",5
"C03","B","1",0.139,TRUE,0.125,"E-L-M-S-T",5
"C03","B","1",0.97,TRUE,0.05,"E-L-M-S-T",5
"C03","B","1",1.283,TRUE,0.025,"E-L-M-S-T",5
"C04","A","1",1.538,TRUE,0,"L-S",2
"C04","A","1",0.002,FALSE,0.5,"L-S",2
"C04","A","1",0.682,TRUE,0.5,"L-S",2
"C04","A","1",1.226,TRUE,0.25,"L-S",2
"C04","A","1",1.42,TRUE,0.125,"L-S",2
"C04","A","1",1.612,TRUE,0.05,"L-S",2
"C04","A","1",1.644,TRUE,0.025,"L-S",2
"C04","A","2",0.002,FALSE,0.5,"L-S",2
"C04","A","2",0.746,TRUE,0.5,"L-S",2
"C04","A","2",1.212,TRUE,0.25,"L-S",2
"C04","A","2",1.446,TRUE,0.125,"L-S",2
"C04","A","2",1.602,TRUE,0.05,"L-S",2
"C04","A","2",1.83,TRUE,0.025,"L-S",2
"C04","B","1",0.002,FALSE,0.5,"C-E-M-P-S-T",6
"C04","B","1",0.002,TRUE,0.5,"C-E-M-P-S-T",6
"C04","B","1",0.005,TRUE,0.25,"C-E-M-P-S-T",6
"C04","B","1",0.00600000000000001,TRUE,0.125,"C-E-M-P-S-T",6
"C04","B","1",0.507,TRUE,0.05,"C-E-M-P-S-T",6
"C04","B","1",1.028,TRUE,0.025,"C-E-M-P-S-T",6
"C05","A","1",1.662,TRUE,0,"C-E-P",3
"C05","A","1",0.001,FALSE,0.5,"C-E-P",3
"C05","A","1",0.005,TRUE,0.5,"C-E-P",3
"C05","A","1",0.017,TRUE,0.25,"C-E-P",3
"C05","A","1",0.334,TRUE,0.125,"C-E-P",3
"C05","A","1",1.256,TRUE,0.05,"C-E-P",3
"C05","A","1",1.563,TRUE,0.025,"C-E-P",3
"C05","A","2",0.001,FALSE,0.5,"C-E-P",3
"C05","A","2",0.005,TRUE,0.5,"C-E-P",3
"C05","A","2",0.011,TRUE,0.25,"C-E-P",3
"C05","A","2",0.426,TRUE,0.125,"C-E-P",3
"C05","A","2",1.249,TRUE,0.05,"C-E-P",3
"C05","A","2",1.723,TRUE,0.025,"C-E-P",3
"C06","A","1",1.66,TRUE,0,"E-L-M",3
"C06","A","1",0.00600000000000001,FALSE,0.5,"E-L-M",3
"C06","A","1",1.505,TRUE,0.5,"E-L-M",3
"C06","A","1",1.544,TRUE,0.25,"E-L-M",3
"C06","A","1",1.581,TRUE,0.125,"E-L-M",3
"C06","A","1",1.647,TRUE,0.05,"E-L-M",3
"C06","A","1",1.675,TRUE,0.025,"E-L-M",3
"C06","A","2",0.004,FALSE,0.5,"E-L-M",3
"C06","A","2",1.483,TRUE,0.5,"E-L-M",3
"C06","A","2",1.466,TRUE,0.25,"E-L-M",3
"C06","A","2",1.463,TRUE,0.125,"E-L-M",3
"C06","A","2",1.72,TRUE,0.05,"E-L-M",3
"C06","A","2",1.745,TRUE,0.025,"E-L-M",3
"C06","B","2",0.001,FALSE,0.5,NA,NA
"C06","B","2",0.008,TRUE,0.5,NA,NA
"C06","B","2",0.068,TRUE,0.25,NA,NA
"C06","B","2",0.543,TRUE,0.125,NA,NA
"C06","B","2",1.323,TRUE,0.05,NA,NA
"C06","B","2",1.441,TRUE,0.025,NA,NA
"C07","A","1",1.582,TRUE,0,"E-P-T",3
"C07","A","1",0.001,FALSE,0.5,"E-P-T",3
"C07","A","1",0.004,TRUE,0.5,"E-P-T",3
"C07","A","1",0.008,TRUE,0.25,"E-P-T",3
"C07","A","1",0.072,TRUE,0.125,"E-P-T",3
"C07","A","1",0.951,TRUE,0.05,"E-P-T",3
"C07","A","1",1.32,TRUE,0.025,"E-P-T",3
"C07","A","2",0.001,FALSE,0.5,"E-P-T",3
"C07","A","2",0.004,TRUE,0.5,"E-P-T",3
"C07","A","2",0.005,TRUE,0.25,"E-P-T",3
"C07","A","2",0.008,TRUE,0.125,"E-P-T",3
"C07","A","2",0.639,TRUE,0.05,"E-P-T",3
"C07","A","2",1.44,TRUE,0.025,"E-P-T",3
"C07","B","2",0.001,FALSE,0.5,NA,NA
"C07","B","2",0.003,TRUE,0.5,NA,NA
"C07","B","2",0.003,TRUE,0.25,NA,NA
"C07","B","2",0.005,TRUE,0.125,NA,NA
"C07","B","2",0.158,TRUE,0.05,NA,NA
"C07","B","2",0.96,TRUE,0.025,NA,NA
"C08","A","1",1.546,TRUE,0,"L-M-T",3
"C08","A","1",0.002,FALSE,0.5,"L-M-T",3
"C08","A","1",0.011,TRUE,0.5,"L-M-T",3
"C08","A","1",0.075,TRUE,0.25,"L-M-T",3
"C08","A","1",0.457,TRUE,0.125,"L-M-T",3
"C08","A","1",1.227,TRUE,0.05,"L-M-T",3
"C08","A","1",1.536,TRUE,0.025,"L-M-T",3
"C08","A","2",0.002,FALSE,0.5,"L-M-T",3
"C08","A","2",0.01,TRUE,0.5,"L-M-T",3
"C08","A","2",0.061,TRUE,0.25,"L-M-T",3
"C08","A","2",0.47,TRUE,0.125,"L-M-T",3
"C08","A","2",1.288,TRUE,0.05,"L-M-T",3
"C08","A","2",1.532,TRUE,0.025,"L-M-T",3
"C09","A","1",1.634,TRUE,0,"C-E-M-T",4
"C09","A","1",0.002,FALSE,0.5,"C-E-M-T",4
"C09","A","1",0.009,TRUE,0.5,"C-E-M-T",4
"C09","A","1",0.05,TRUE,0.25,"C-E-M-T",4
"C09","A","1",0.378,TRUE,0.125,"C-E-M-T",4
"C09","A","1",1.186,TRUE,0.05,"C-E-M-T",4
"C09","A","1",1.482,TRUE,0.025,"C-E-M-T",4
"C09","A","2",0.002,FALSE,0.5,"C-E-M-T",4
"C09","A","2",0.014,TRUE,0.5,"C-E-M-T",4
"C09","A","2",0.11,TRUE,0.25,"C-E-M-T",4
"C09","A","2",0.587,TRUE,0.125,"C-E-M-T",4
"C09","A","2",1.19,TRUE,0.05,"C-E-M-T",4
"C09","A","2",1.775,TRUE,0.025,"C-E-M-T",4
"C09","B","2",0.001,FALSE,0.5,NA,NA
"C09","B","2",0.002,TRUE,0.5,NA,NA
"C09","B","2",0.004,TRUE,0.25,NA,NA
"C09","B","2",0.005,TRUE,0.125,NA,NA
"C09","B","2",0.18,TRUE,0.05,NA,NA
"C09","B","2",0.943,TRUE,0.025,NA,NA
"C10","A","1",1.7,TRUE,0,"E-L-M-T",4
"C10","A","1",0.002,FALSE,0.5,"E-L-M-T",4
"C10","A","1",0.009,TRUE,0.5,"E-L-M-T",4
"C10","A","1",0.05,TRUE,0.25,"E-L-M-T",4
"C10","A","1",0.318,TRUE,0.125,"E-L-M-T",4
"C10","A","1",1.127,TRUE,0.05,"E-L-M-T",4
"C10","A","1",1.514,TRUE,0.025,"E-L-M-T",4
"C10","A","2",0.002,FALSE,0.5,"E-L-M-T",4
"C10","A","2",0.008,TRUE,0.5,"E-L-M-T",4
"C10","A","2",0.032,TRUE,0.25,"E-L-M-T",4
"C10","A","2",0.253,TRUE,0.125,"E-L-M-T",4
"C10","A","2",1.122,TRUE,0.05,"E-L-M-T",4
"C10","A","2",1.692,TRUE,0.025,"E-L-M-T",4
"C11","A","1",1.719,TRUE,0,"L-M-P-S",4
"C11","A","1",0.002,FALSE,0.5,"L-M-P-S",4
"C11","A","1",0.004,TRUE,0.5,"L-M-P-S",4
"C11","A","1",0.00600000000000001,TRUE,0.25,"L-M-P-S",4
"C11","A","1",0.007,TRUE,0.125,"L-M-P-S",4
"C11","A","1",0.503,TRUE,0.05,"L-M-P-S",4
"C11","A","1",1.031,TRUE,0.025,"L-M-P-S",4
"C11","A","2",0.001,FALSE,0.5,"L-M-P-S",4
"C11","A","2",0.003,TRUE,0.5,"L-M-P-S",4
"C11","A","2",0.004,TRUE,0.25,"L-M-P-S",4
"C11","A","2",0.00600000000000001,TRUE,0.125,"L-M-P-S",4
"C11","A","2",0.448,TRUE,0.05,"L-M-P-S",4
"C11","A","2",1.125,TRUE,0.025,"L-M-P-S",4
"D01","A","1",1.586,TRUE,0,"M",1
"D01","A","1",0.003,FALSE,0.5,"M",1
"D01","A","1",0.173,TRUE,0.5,"M",1
"D01","A","1",1.128,TRUE,0.25,"M",1
"D01","A","1",1.524,TRUE,0.125,"M",1
"D01","A","2",0.002,FALSE,0.5,"M",1
"D01","A","2",0.319,TRUE,0.5,"M",1
"D01","A","2",1.153,TRUE,0.25,"M",1
"D01","A","2",1.542,TRUE,0.125,"M",1
"D01","A","2",1.599,TRUE,0.05,"M",1
"D01","B","1",0.001,FALSE,0.5,"C-E-L-P-S",5
"D01","B","1",0.003,TRUE,0.5,"C-E-L-P-S",5
"D01","B","1",0.004,TRUE,0.25,"C-E-L-P-S",5
"D01","B","1",0.00600000000000001,TRUE,0.125,"C-E-L-P-S",5
"D01","B","1",0.519,TRUE,0.05,"C-E-L-P-S",5
"D01","B","1",1.295,TRUE,0.025,"C-E-L-P-S",5
"D02","A","1",1.545,TRUE,0,"C-P",2
"D02","A","1",0.002,FALSE,0.5,"C-P",2
"D02","A","1",0.09,TRUE,0.5,"C-P",2
"D02","A","1",1.083,TRUE,0.25,"C-P",2
"D02","A","1",1.395,TRUE,0.125,"C-P",2
"D02","A","1",1.453,TRUE,0.05,"C-P",2
"D02","A","1",1.619,TRUE,0.025,"C-P",2
"D02","A","2",0.002,FALSE,0.5,"C-P",2
"D02","A","2",0.179,TRUE,0.5,"C-P",2
"D02","A","2",1.17,TRUE,0.25,"C-P",2
"D02","A","2",1.403,TRUE,0.125,"C-P",2
"D02","A","2",1.602,TRUE,0.05,"C-P",2
"D02","A","2",1.608,TRUE,0.025,"C-P",2
"D02","B","1",0.001,FALSE,0.5,"C-L-M-P-T",5
"D02","B","1",0.002,TRUE,0.5,"C-L-M-P-T",5
"D02","B","1",0.00600000000000001,TRUE,0.25,"C-L-M-P-T",5
"D02","B","1",0.027,TRUE,0.125,"C-L-M-P-T",5
"D02","B","1",0.757,TRUE,0.05,"C-L-M-P-T",5
"D02","B","1",1.52,TRUE,0.025,"C-L-M-P-T",5
"D03","A","1",1.629,TRUE,0,"E-S",2
"D03","A","1",0.003,FALSE,0.5,"E-S",2
"D03","A","1",1.038,TRUE,0.5,"E-S",2
"D03","A","1",1.362,TRUE,0.25,"E-S",2
"D03","A","1",1.599,TRUE,0.125,"E-S",2
"D03","A","1",1.619,TRUE,0.05,"E-S",2
"D03","A","1",1.689,TRUE,0.025,"E-S",2
"D03","A","2",0.002,FALSE,0.5,"E-S",2
"D03","A","2",0.932,TRUE,0.5,"E-S",2
"D03","A","2",1.303,TRUE,0.25,"E-S",2
"D03","A","2",1.418,TRUE,0.125,"E-S",2
"D03","A","2",1.535,TRUE,0.05,"E-S",2
"D03","A","2",1.617,TRUE,0.025,"E-S",2
"D03","B","1",0.001,FALSE,0.5,"E-L-P-S-T",5
"D03","B","1",0.002,TRUE,0.5,"E-L-P-S-T",5
"D03","B","1",0.003,TRUE,0.25,"E-L-P-S-T",5
"D03","B","1",0.005,TRUE,0.125,"E-L-P-S-T",5
"D03","B","1",0.073,TRUE,0.05,"E-L-P-S-T",5
"D03","B","1",1.183,TRUE,0.025,"E-L-P-S-T",5
"D04","A","1",1.499,TRUE,0,"L-T",2
"D04","A","1",0.002,FALSE,0.5,"L-T",2
"D04","A","1",0.02,TRUE,0.5,"L-T",2
"D04","A","1",0.138,TRUE,0.25,"L-T",2
"D04","A","1",0.685,TRUE,0.125,"L-T",2
"D04","A","1",1.273,TRUE,0.05,"L-T",2
"D04","A","1",1.574,TRUE,0.025,"L-T",2
"D04","A","2",0.001,FALSE,0.5,"L-T",2
"D04","A","2",0.012,TRUE,0.5,"L-T",2
"D04","A","2",0.081,TRUE,0.25,"L-T",2
"D04","A","2",0.787,TRUE,0.125,"L-T",2
"D04","A","2",1.12,TRUE,0.05,"L-T",2
"D04","A","2",1.436,TRUE,0.025,"L-T",2
"D04","B","1",0.001,FALSE,0.5,"C-E-L-P-S-T",6
"D04","B","1",0.002,TRUE,0.5,"C-E-L-P-S-T",6
"D04","B","1",0.004,TRUE,0.25,"C-E-L-P-S-T",6
"D04","B","1",0.005,TRUE,0.125,"C-E-L-P-S-T",6
"D04","B","1",0.273,TRUE,0.05,"C-E-L-P-S-T",6
"D04","B","1",1.341,TRUE,0.025,"C-E-L-P-S-T",6
"D05","A","2",0.001,FALSE,0.5,"C-E-T",3
"D05","A","2",0.011,TRUE,0.5,"C-E-T",3
"D05","A","2",0.081,TRUE,0.25,"C-E-T",3
"D05","A","2",0.519,TRUE,0.125,"C-E-T",3
"D05","A","2",1.106,TRUE,0.05,"C-E-T",3
"D05","A","2",1.407,TRUE,0.025,"C-E-T",3
"D06","A","1",1.532,TRUE,0,"E-L-P",3
"D06","A","1",0.001,FALSE,0.5,"E-L-P",3
"D06","A","1",0.003,TRUE,0.5,"E-L-P",3
"D06","A","1",0.005,TRUE,0.25,"E-L-P",3
"D06","A","1",0.014,TRUE,0.125,"E-L-P",3
"D06","A","1",0.84,TRUE,0.05,"E-L-P",3
"D06","A","1",1.286,TRUE,0.025,"E-L-P",3
"D06","A","2",0.001,FALSE,0.5,"E-L-P",3
"D06","A","2",0.004,TRUE,0.5,"E-L-P",3
"D06","A","2",0.005,TRUE,0.25,"E-L-P",3
"D06","A","2",0.021,TRUE,0.125,"E-L-P",3
"D06","A","2",1.004,TRUE,0.05,"E-L-P",3
"D06","A","2",1.32,TRUE,0.025,"E-L-P",3
"D06","B","2",0.001,FALSE,0.5,NA,NA
"D06","B","2",0.001,TRUE,0.5,NA,NA
"D06","B","2",0.003,TRUE,0.25,NA,NA
"D06","B","2",0.004,TRUE,0.125,NA,NA
"D06","B","2",0.189,TRUE,0.05,NA,NA
"D06","B","2",1.153,TRUE,0.025,NA,NA
"D07","A","1",1.641,TRUE,0,"E-S-T",3
"D07","A","1",0.002,FALSE,0.5,"E-S-T",3
"D07","A","1",0.009,TRUE,0.5,"E-S-T",3
"D07","A","1",0.05,TRUE,0.25,"E-S-T",3
"D07","A","1",0.451,TRUE,0.125,"E-S-T",3
"D07","A","1",1.11,TRUE,0.05,"E-S-T",3
"D07","A","1",1.385,TRUE,0.025,"E-S-T",3
"D07","A","2",0.002,FALSE,0.5,"E-S-T",3
"D07","A","2",0.008,TRUE,0.5,"E-S-T",3
"D07","A","2",0.045,TRUE,0.25,"E-S-T",3
"D07","A","2",0.29,TRUE,0.125,"E-S-T",3
"D07","A","2",1.006,TRUE,0.05,"E-S-T",3
"D07","A","2",1.246,TRUE,0.025,"E-S-T",3
"D07","B","2",0,FALSE,0.5,NA,NA
"D07","B","2",0.002,TRUE,0.5,NA,NA
"D07","B","2",0.003,TRUE,0.25,NA,NA
"D07","B","2",0.009,TRUE,0.125,NA,NA
"D07","B","2",0.589,TRUE,0.05,NA,NA
"D07","B","2",1.485,TRUE,0.025,NA,NA
"D08","A","1",1.532,TRUE,0,"L-P-S",3
"D08","A","1",0.002,FALSE,0.5,"L-P-S",3
"D08","A","1",0.003,TRUE,0.5,"L-P-S",3
"D08","A","1",0.004,TRUE,0.25,"L-P-S",3
"D08","A","1",0.008,TRUE,0.125,"L-P-S",3
"D08","A","1",0.397,TRUE,0.05,"L-P-S",3
"D08","A","1",1.235,TRUE,0.025,"L-P-S",3
"D08","A","2",0.002,FALSE,0.5,"L-P-S",3
"D08","A","2",0.003,TRUE,0.5,"L-P-S",3
"D08","A","2",0.004,TRUE,0.25,"L-P-S",3
"D08","A","2",0.005,TRUE,0.125,"L-P-S",3
"D08","A","2",0.473,TRUE,0.05,"L-P-S",3
"D08","A","2",1.062,TRUE,0.025,"L-P-S",3
"D09","A","1",1.685,TRUE,0,"C-E-P-T",4
"D09","A","1",0.002,FALSE,0.5,"C-E-P-T",4
"D09","A","1",0.005,TRUE,0.5,"C-E-P-T",4
"D09","A","1",0.009,TRUE,0.25,"C-E-P-T",4
"D09","A","1",0.177,TRUE,0.125,"C-E-P-T",4
"D09","A","1",1.076,TRUE,0.05,"C-E-P-T",4
"D09","A","1",1.4,TRUE,0.025,"C-E-P-T",4
"D09","A","2",0.002,FALSE,0.5,"C-E-P-T",4
"D09","A","2",0.004,TRUE,0.5,"C-E-P-T",4
"D09","A","2",0.00600000000000001,TRUE,0.25,"C-E-P-T",4
"D09","A","2",0.027,TRUE,0.125,"C-E-P-T",4
"D09","A","2",0.842,TRUE,0.05,"C-E-P-T",4
"D09","A","2",1.135,TRUE,0.025,"C-E-P-T",4
"D09","B","2",0.001,FALSE,0.5,NA,NA
"D09","B","2",0.002,TRUE,0.5,NA,NA
"D09","B","2",0.003,TRUE,0.25,NA,NA
"D09","B","2",0.005,TRUE,0.125,NA,NA
"D09","B","2",0.151,TRUE,0.05,NA,NA
"D09","B","2",1.234,TRUE,0.025,NA,NA
"D10","A","1",1.56,TRUE,0,"E-L-P-S",4
"D10","A","1",0.001,FALSE,0.5,"E-L-P-S",4
"D10","A","1",0.003,TRUE,0.5,"E-L-P-S",4
"D10","A","1",0.003,TRUE,0.25,"E-L-P-S",4
"D10","A","1",0.005,TRUE,0.125,"E-L-P-S",4
"D10","A","1",0.328,TRUE,0.05,"E-L-P-S",4
"D10","A","1",0.961,TRUE,0.025,"E-L-P-S",4
"D10","A","2",0.001,FALSE,0.5,"E-L-P-S",4
"D10","A","2",0.003,TRUE,0.5,"E-L-P-S",4
"D10","A","2",0.004,TRUE,0.25,"E-L-P-S",4
"D10","A","2",0.004,TRUE,0.125,"E-L-P-S",4
"D10","A","2",0.493,TRUE,0.05,"E-L-P-S",4
"D10","A","2",0.746,TRUE,0.025,"E-L-P-S",4
"D11","A","1",1.618,TRUE,0,"L-M-P-T",4
"D11","A","1",0.001,FALSE,0.5,"L-M-P-T",4
"D11","A","1",0.004,TRUE,0.5,"L-M-P-T",4
"D11","A","1",0.00600000000000001,TRUE,0.25,"L-M-P-T",4
"D11","A","1",0.011,TRUE,0.125,"L-M-P-T",4
"D11","A","1",0.658,TRUE,0.05,"L-M-P-T",4
"D11","A","1",1.233,TRUE,0.025,"L-M-P-T",4
"D11","A","2",0.001,FALSE,0.5,"L-M-P-T",4
"D11","A","2",0.004,TRUE,0.5,"L-M-P-T",4
"D11","A","2",0.004,TRUE,0.25,"L-M-P-T",4
"D11","A","2",0.00600000000000001,TRUE,0.125,"L-M-P-T",4
"D11","A","2",0.422,TRUE,0.05,"L-M-P-T",4
"D11","A","2",1.115,TRUE,0.025,"L-M-P-T",4
"E01","A","1",1.797,TRUE,0,"P",1
"E01","A","1",0.009,FALSE,0.5,"P",1
"E01","A","1",1.627,TRUE,0.5,"P",1
"E01","A","1",1.664,TRUE,0.25,"P",1
"E01","A","1",1.642,TRUE,0.125,"P",1
"E01","A","1",1.601,TRUE,0.05,"P",1
"E01","A","1",1.685,TRUE,0.025,"P",1
"E01","A","2",0.002,FALSE,0.5,"P",1
"E01","A","2",1.443,TRUE,0.5,"P",1
"E01","A","2",1.542,TRUE,0.25,"P",1
"E01","A","2",1.572,TRUE,0.125,"P",1
"E01","A","2",1.496,TRUE,0.05,"P",1
"E01","A","2",1.673,TRUE,0.025,"P",1
"E01","B","1",0.001,FALSE,0.5,"C-E-L-P-T",5
"E01","B","1",0.004,TRUE,0.5,"C-E-L-P-T",5
"E01","B","1",0.005,TRUE,0.25,"C-E-L-P-T",5
"E01","B","1",0.013,TRUE,0.125,"C-E-L-P-T",5
"E01","B","1",0.825,TRUE,0.05,"C-E-L-P-T",5
"E01","B","1",1.45,TRUE,0.025,"C-E-L-P-T",5
"E02","A","1",1.608,TRUE,0,"C-S",2
"E02","A","1",0.003,FALSE,0.5,"C-S",2
"E02","A","1",0.662,TRUE,0.5,"C-S",2
"E02","A","1",1.167,TRUE,0.25,"C-S",2
"E02","A","1",1.407,TRUE,0.125,"C-S",2
"E02","A","1",1.509,TRUE,0.05,"C-S",2
"E02","A","1",1.638,TRUE,0.025,"C-S",2
"E02","A","2",0.002,FALSE,0.5,"C-S",2
"E02","A","2",0.739,TRUE,0.5,"C-S",2
"E02","A","2",1.207,TRUE,0.25,"C-S",2
"E02","A","2",1.429,TRUE,0.125,"C-S",2
"E02","A","2",1.633,TRUE,0.05,"C-S",2
"E02","A","2",1.677,TRUE,0.025,"C-S",2
"E02","B","1",0.002,FALSE,0.5,"C-L-M-S-T",5
"E02","B","1",0.005,TRUE,0.5,"C-L-M-S-T",5
"E02","B","1",0.029,TRUE,0.25,"C-L-M-S-T",5
"E02","B","1",0.241,TRUE,0.125,"C-L-M-S-T",5
"E02","B","1",0.965,TRUE,0.05,"C-L-M-S-T",5
"E02","B","1",1.414,TRUE,0.025,"C-L-M-S-T",5
"E03","A","1",1.728,TRUE,0,"E-T",2
"E03","A","1",0.002,FALSE,0.5,"E-T",2
"E03","A","1",0.009,TRUE,0.5,"E-T",2
"E03","A","1",0.055,TRUE,0.25,"E-T",2
"E03","A","1",0.383,TRUE,0.125,"E-T",2
"E03","A","1",1.095,TRUE,0.05,"E-T",2
"E03","A","1",1.492,TRUE,0.025,"E-T",2
"E03","A","2",0.001,FALSE,0.5,"E-T",2
"E03","A","2",0.007,TRUE,0.5,"E-T",2
"E03","A","2",0.041,TRUE,0.25,"E-T",2
"E03","A","2",0.201,TRUE,0.125,"E-T",2
"E03","A","2",1.285,TRUE,0.05,"E-T",2
"E03","A","2",1.408,TRUE,0.025,"E-T",2
"E03","B","1",0.001,FALSE,0.5,"E-M-P-S-T",5
"E03","B","1",0.002,TRUE,0.5,"E-M-P-S-T",5
"E03","B","1",0.004,TRUE,0.25,"E-M-P-S-T",5
"E03","B","1",0.005,TRUE,0.125,"E-M-P-S-T",5
"E03","B","1",0.23,TRUE,0.05,"E-M-P-S-T",5
"E03","B","1",0.688,TRUE,0.025,"E-M-P-S-T",5
"E04","A","1",1.514,TRUE,0,"S-T",2
"E04","A","1",0.002,FALSE,0.5,"S-T",2
"E04","A","1",0.011,TRUE,0.5,"S-T",2
"E04","A","1",0.071,TRUE,0.25,"S-T",2
"E04","A","1",0.394,TRUE,0.125,"S-T",2
"E04","A","1",1.258,TRUE,0.05,"S-T",2
"E04","A","1",1.406,TRUE,0.025,"S-T",2
"E04","A","2",0.002,FALSE,0.5,"S-T",2
"E04","A","2",0.007,TRUE,0.5,"S-T",2
"E04","A","2",0.028,TRUE,0.25,"S-T",2
"E04","A","2",0.201,TRUE,0.125,"S-T",2
"E04","A","2",1.109,TRUE,0.05,"S-T",2
"E04","A","2",1.387,TRUE,0.025,"S-T",2
"E04","B","1",0.001,FALSE,0.5,"C-E-L-M-S-T",6
"E04","B","1",0.003,TRUE,0.5,"C-E-L-M-S-T",6
"E04","B","1",0.032,TRUE,0.25,"C-E-L-M-S-T",6
"E04","B","1",0.141,TRUE,0.125,"C-E-L-M-S-T",6
"E04","B","1",0.902,TRUE,0.05,"C-E-L-M-S-T",6
"E04","B","1",1.334,TRUE,0.025,"C-E-L-M-S-T",6
"E05","A","1",1.558,TRUE,0,"C-L-M",3
"E05","A","1",0.185,FALSE,0.5,"C-L-M",3
"E05","A","1",1.848,TRUE,0.5,"C-L-M",3
"E05","A","1",1.848,TRUE,0.25,"C-L-M",3
"E05","A","1",1.728,TRUE,0.125,"C-L-M",3
"E05","A","1",1.62,TRUE,0.05,"C-L-M",3
"E05","A","1",1.63,TRUE,0.025,"C-L-M",3
"E05","A","2",0.314,FALSE,0.5,"C-L-M",3
"E05","A","2",2.13,TRUE,0.5,"C-L-M",3
"E05","A","2",1.826,TRUE,0.25,"C-L-M",3
"E05","A","2",1.592,TRUE,0.125,"C-L-M",3
"E05","A","2",1.576,TRUE,0.05,"C-L-M",3
"E05","A","2",1.701,TRUE,0.025,"C-L-M",3
"E06","A","1",1.751,TRUE,0,"E-L-S",3
"E06","A","1",0.002,FALSE,0.5,"E-L-S",3
"E06","A","1",0.424,TRUE,0.5,"E-L-S",3
"E06","A","1",0.953,TRUE,0.25,"E-L-S",3
"E06","A","1",1.306,TRUE,0.125,"E-L-S",3
"E06","A","1",1.538,TRUE,0.05,"E-L-S",3
"E06","A","1",1.664,TRUE,0.025,"E-L-S",3
"E06","A","2",0.002,FALSE,0.5,"E-L-S",3
"E06","A","2",0.42,TRUE,0.5,"E-L-S",3
"E06","A","2",0.821,TRUE,0.25,"E-L-S",3
"E06","A","2",1.199,TRUE,0.125,"E-L-S",3
"E06","A","2",1.299,TRUE,0.05,"E-L-S",3
"E06","A","2",1.569,TRUE,0.025,"E-L-S",3
"E06","B","2",0.001,FALSE,0.5,NA,NA
"E06","B","2",0.002,TRUE,0.5,NA,NA
"E06","B","2",0.005,TRUE,0.25,NA,NA
"E06","B","2",0.016,TRUE,0.125,NA,NA
"E06","B","2",0.554,TRUE,0.05,NA,NA
"E06","B","2",1.141,TRUE,0.025,NA,NA
"E07","A","1",1.628,TRUE,0,"",0
"E07","A","1",0.176,FALSE,0.5,"",0
"E07","A","1",2.443,TRUE,0.5,"",0
"E07","A","1",2.157,TRUE,0.25,"",0
"E07","A","1",1.815,TRUE,0.125,"",0
"E07","A","1",1.564,TRUE,0.05,"",0
"E07","A","1",1.651,TRUE,0.025,"",0
"E07","A","2",0.027,FALSE,0.5,"",0
"E07","A","2",1.152,TRUE,0.5,"",0
"E07","A","2",1.424,TRUE,0.25,"",0
"E07","A","2",1.442,TRUE,0.125,"",0
"E07","A","2",1.665,TRUE,0.05,"",0
"E07","A","2",1.593,TRUE,0.025,"",0
"E07","B","2",0.001,FALSE,0.5,NA,NA
"E07","B","2",0.005,TRUE,0.5,NA,NA
"E07","B","2",0.016,TRUE,0.25,NA,NA
"E07","B","2",0.231,TRUE,0.125,NA,NA
"E07","B","2",0.918,TRUE,0.05,NA,NA
"E07","B","2",1.321,TRUE,0.025,NA,NA
"E08","A","1",1.412,TRUE,0,"L-P-T",3
"E08","A","1",0.002,FALSE,0.5,"L-P-T",3
"E08","A","1",0.004,TRUE,0.5,"L-P-T",3
"E08","A","1",0.00600000000000001,TRUE,0.25,"L-P-T",3
"E08","A","1",0.013,TRUE,0.125,"L-P-T",3
"E08","A","1",0.617,TRUE,0.05,"L-P-T",3
"E08","A","1",1.308,TRUE,0.025,"L-P-T",3
"E08","A","2",0.001,FALSE,0.5,"L-P-T",3
"E08","A","2",0.003,TRUE,0.5,"L-P-T",3
"E08","A","2",0.005,TRUE,0.25,"L-P-T",3
"E08","A","2",0.005,TRUE,0.125,"L-P-T",3
"E08","A","2",0.769,TRUE,0.05,"L-P-T",3
"E08","A","2",1.001,TRUE,0.025,"L-P-T",3
"E09","A","1",1.587,TRUE,0,"C-L-M-P",4
"E09","A","1",0.001,FALSE,0.5,"C-L-M-P",4
"E09","A","1",0.004,TRUE,0.5,"C-L-M-P",4
"E09","A","1",0.011,TRUE,0.25,"C-L-M-P",4
"E09","A","1",0.122,TRUE,0.125,"C-L-M-P",4
"E09","A","1",1.011,TRUE,0.05,"C-L-M-P",4
"E09","A","1",1.42,TRUE,0.025,"C-L-M-P",4
"E09","A","2",0.001,FALSE,0.5,"C-L-M-P",4
"E09","A","2",0.004,TRUE,0.5,"C-L-M-P",4
"E09","A","2",0.005,TRUE,0.25,"C-L-M-P",4
"E09","A","2",0.008,TRUE,0.125,"C-L-M-P",4
"E09","A","2",0.82,TRUE,0.05,"C-L-M-P",4
"E09","A","2",1.336,TRUE,0.025,"C-L-M-P",4
"E09","B","2",0,FALSE,0.5,NA,NA
"E09","B","2",0.005,TRUE,0.5,NA,NA
"E09","B","2",0.022,TRUE,0.25,NA,NA
"E09","B","2",0.222,TRUE,0.125,NA,NA
"E09","B","2",0.893,TRUE,0.05,NA,NA
"E09","B","2",1.475,TRUE,0.025,NA,NA
"E10","A","1",1.726,TRUE,0,"E-L-P-T",4
"E10","A","1",0.002,FALSE,0.5,"E-L-P-T",4
"E10","A","1",0.004,TRUE,0.5,"E-L-P-T",4
"E10","A","1",0.00600000000000001,TRUE,0.25,"E-L-P-T",4
"E10","A","1",0.033,TRUE,0.125,"E-L-P-T",4
"E10","A","1",0.842,TRUE,0.05,"E-L-P-T",4
"E10","A","1",1.415,TRUE,0.025,"E-L-P-T",4
"E10","A","2",0.001,FALSE,0.5,"E-L-P-T",4
"E10","A","2",0.004,TRUE,0.5,"E-L-P-T",4
"E10","A","2",0.005,TRUE,0.25,"E-L-P-T",4
"E10","A","2",0.00600000000000001,TRUE,0.125,"E-L-P-T",4
"E10","A","2",0.565,TRUE,0.05,"E-L-P-T",4
"E10","A","2",1.037,TRUE,0.025,"E-L-P-T",4
"E11","A","1",1.661,TRUE,0,"L-M-S-T",4
"E11","A","1",0.003,FALSE,0.5,"L-M-S-T",4
"E11","A","1",0.008,TRUE,0.5,"L-M-S-T",4
"E11","A","1",0.043,TRUE,0.25,"L-M-S-T",4
"E11","A","1",0.224,TRUE,0.125,"L-M-S-T",4
"E11","A","1",1.11,TRUE,0.05,"L-M-S-T",4
"E11","A","1",1.35,TRUE,0.025,"L-M-S-T",4
"E11","A","2",0.001,FALSE,0.5,"L-M-S-T",4
"E11","A","2",0.00600000000000001,TRUE,0.5,"L-M-S-T",4
"E11","A","2",0.024,TRUE,0.25,"L-M-S-T",4
"E11","A","2",0.221,TRUE,0.125,"L-M-S-T",4
"E11","A","2",1.131,TRUE,0.05,"L-M-S-T",4
"E11","A","2",1.357,TRUE,0.025,"L-M-S-T",4
"F01","A","1",1.613,TRUE,0,"S",1
"F01","A","1",0.003,FALSE,0.5,"S",1
"F01","A","1",0.909,TRUE,0.5,"S",1
"F01","A","1",1.355,TRUE,0.25,"S",1
"F01","A","1",1.447,TRUE,0.125,"S",1
"F01","A","1",1.568,TRUE,0.05,"S",1
"F01","A","1",1.527,TRUE,0.025,"S",1
"F01","A","2",0.003,FALSE,0.5,"S",1
"F01","A","2",0.895,TRUE,0.5,"S",1
"F01","A","2",1.322,TRUE,0.25,"S",1
"F01","A","2",1.605,TRUE,0.125,"S",1
"F01","A","2",1.596,TRUE,0.05,"S",1
"F01","A","2",1.643,TRUE,0.025,"S",1
"F01","B","1",0.001,FALSE,0.5,"C-E-L-S-T",5
"F01","B","1",0.014,TRUE,0.5,"C-E-L-S-T",5
"F01","B","1",0.144,TRUE,0.25,"C-E-L-S-T",5
"F01","B","1",0.768,TRUE,0.125,"C-E-L-S-T",5
"F01","B","1",1.315,TRUE,0.05,"C-E-L-S-T",5
"F01","B","1",1.56,TRUE,0.025,"C-E-L-S-T",5
"F02","A","1",1.586,TRUE,0,"C-T",2
"F02","A","1",0.002,FALSE,0.5,"C-T",2
"F02","A","1",0.011,TRUE,0.5,"C-T",2
"F02","A","1",0.081,TRUE,0.25,"C-T",2
"F02","A","1",0.446,TRUE,0.125,"C-T",2
"F02","A","1",1.26,TRUE,0.05,"C-T",2
"F02","A","1",0.894,TRUE,0.025,"C-T",2
"F02","A","2",0.001,FALSE,0.5,"C-T",2
"F02","A","2",0.034,TRUE,0.5,"C-T",2
"F02","A","2",0.326,TRUE,0.25,"C-T",2
"F02","A","2",0.795,TRUE,0.125,"C-T",2
"F02","A","2",1.29,TRUE,0.05,"C-T",2
"F02","A","2",1.483,TRUE,0.025,"C-T",2
"F02","B","1",0.002,FALSE,0.5,"C-L-P-S-T",5
"F02","B","1",0.002,TRUE,0.5,"C-L-P-S-T",5
"F02","B","1",0.004,TRUE,0.25,"C-L-P-S-T",5
"F02","B","1",0.005,TRUE,0.125,"C-L-P-S-T",5
"F02","B","1",0.35,TRUE,0.05,"C-L-P-S-T",5
"F02","B","1",1.134,TRUE,0.025,"C-L-P-S-T",5
"F03","A","1",1.632,TRUE,0,"M-P",2
"F03","A","1",0.001,FALSE,0.5,"M-P",2
"F03","A","1",0.003,TRUE,0.5,"M-P",2
"F03","A","1",0.004,TRUE,0.25,"M-P",2
"F03","A","1",0.00600000000000001,TRUE,0.125,"M-P",2
"F03","A","1",0.227,TRUE,0.05,"M-P",2
"F03","A","1",1.638,TRUE,0.025,"M-P",2
"F03","A","2",0.001,FALSE,0.5,"M-P",2
"F03","A","2",0.017,TRUE,0.5,"M-P",2
"F03","A","2",0.004,TRUE,0.25,"M-P",2
"F03","A","2",0.00600000000000001,TRUE,0.125,"M-P",2
"F03","A","2",0.618,TRUE,0.05,"M-P",2
"F03","A","2",0.938,TRUE,0.025,"M-P",2
"F03","B","1",0.001,FALSE,0.5,"L-M-P-S-T",5
"F03","B","1",0.002,TRUE,0.5,"L-M-P-S-T",5
"F03","B","1",0.004,TRUE,0.25,"L-M-P-S-T",5
"F03","B","1",0.004,TRUE,0.125,"L-M-P-S-T",5
"F03","B","1",0.134,TRUE,0.05,"L-M-P-S-T",5
"F03","B","1",0.894,TRUE,0.025,"L-M-P-S-T",5
"F04","A","1",1.433,TRUE,0,"M-P-S",3
"F04","A","1",0.001,FALSE,0.5,"M-P-S",3
"F04","A","1",0.003,TRUE,0.5,"M-P-S",3
"F04","A","1",0.004,TRUE,0.25,"M-P-S",3
"F04","A","1",0.00600000000000001,TRUE,0.125,"M-P-S",3
"F04","A","1",0.34,TRUE,0.05,"M-P-S",3
"F04","A","1",1.3,TRUE,0.025,"M-P-S",3
"F04","A","2",0.001,FALSE,0.5,"M-P-S",3
"F04","A","2",0.003,TRUE,0.5,"M-P-S",3
"F04","A","2",0.004,TRUE,0.25,"M-P-S",3
"F04","A","2",0.00600000000000001,TRUE,0.125,"M-P-S",3
"F04","A","2",0.563,TRUE,0.05,"M-P-S",3
"F04","A","2",0.935,TRUE,0.025,"M-P-S",3
"F04","B","1",0.001,FALSE,0.5,"C-E-L-M-P-T",6
"F04","B","1",0.002,TRUE,0.5,"C-E-L-M-P-T",6
"F04","B","1",0.005,TRUE,0.25,"C-E-L-M-P-T",6
"F04","B","1",0.009,TRUE,0.125,"C-E-L-M-P-T",6
"F04","B","1",0.604,TRUE,0.05,"C-E-L-M-P-T",6
"F04","B","1",1.373,TRUE,0.025,"C-E-L-M-P-T",6
"F05","A","1",1.588,TRUE,0,"C-L-P",3
"F05","A","1",0.001,FALSE,0.5,"C-L-P",3
"F05","A","1",0.005,TRUE,0.5,"C-L-P",3
"F05","A","1",0.014,TRUE,0.25,"C-L-P",3
"F05","A","1",0.442,TRUE,0.125,"C-L-P",3
"F05","A","1",1.189,TRUE,0.05,"C-L-P",3
"F05","A","1",1.623,TRUE,0.025,"C-L-P",3
"F05","A","2",0.001,FALSE,0.5,"C-L-P",3
"F05","A","2",0.004,TRUE,0.5,"C-L-P",3
"F05","A","2",0.007,TRUE,0.25,"C-L-P",3
"F05","A","2",0.147,TRUE,0.125,"C-L-P",3
"F05","A","2",1.093,TRUE,0.05,"C-L-P",3
"F05","A","2",1.316,TRUE,0.025,"C-L-P",3
"F06","A","1",1.594,TRUE,0,"E-L-T",3
"F06","A","1",0.002,FALSE,0.5,"E-L-T",3
"F06","A","1",0.009,TRUE,0.5,"E-L-T",3
"F06","A","1",0.039,TRUE,0.25,"E-L-T",3
"F06","A","1",0.288,TRUE,0.125,"E-L-T",3
"F06","A","1",1.112,TRUE,0.05,"E-L-T",3
"F06","A","1",1.373,TRUE,0.025,"E-L-T",3
"F06","A","2",0.002,FALSE,0.5,"E-L-T",3
"F06","A","2",0.009,TRUE,0.5,"E-L-T",3
"F06","A","2",0.036,TRUE,0.25,"E-L-T",3
"F06","A","2",0.28,TRUE,0.125,"E-L-T",3
"F06","A","2",1.116,TRUE,0.05,"E-L-T",3
"F06","A","2",1.313,TRUE,0.025,"E-L-T",3
"F06","B","2",0.001,FALSE,0.5,NA,NA
"F06","B","2",0.004,TRUE,0.5,NA,NA
"F06","B","2",0.023,TRUE,0.25,NA,NA
"F06","B","2",0.218,TRUE,0.125,NA,NA
"F06","B","2",0.894,TRUE,0.05,NA,NA
"F06","B","2",1.463,TRUE,0.025,NA,NA
"F07","A","1",1.539,TRUE,0,"",0
"F07","A","1",0.504,FALSE,0.5,"",0
"F07","A","1",2.136,TRUE,0.5,"",0
"F07","A","1",1.812,TRUE,0.25,"",0
"F07","A","1",1.568,TRUE,0.125,"",0
"F07","A","1",1.68,TRUE,0.05,"",0
"F07","A","1",1.667,TRUE,0.025,"",0
"F07","A","2",0.002,FALSE,0.5,"",0
"F07","A","2",0.639,TRUE,0.5,"",0
"F07","A","2",1.32,TRUE,0.25,"",0
"F07","A","2",1.523,TRUE,0.125,"",0
"F07","A","2",1.61,TRUE,0.05,"",0
"F07","A","2",1.444,TRUE,0.025,"",0
"F07","B","2",0,FALSE,0.5,NA,NA
"F07","B","2",0.002,TRUE,0.5,NA,NA
"F07","B","2",0.003,TRUE,0.25,NA,NA
"F07","B","2",0.004,TRUE,0.125,NA,NA
"F07","B","2",0.182,TRUE,0.05,NA,NA
"F07","B","2",0.988,TRUE,0.025,NA,NA
"F08","A","1",1.478,TRUE,0,"L-S-T",3
"F08","A","1",0.002,FALSE,0.5,"L-S-T",3
"F08","A","1",0.008,TRUE,0.5,"L-S-T",3
"F08","A","1",0.04,TRUE,0.25,"L-S-T",3
"F08","A","1",0.526,TRUE,0.125,"L-S-T",3
"F08","A","1",1.082,TRUE,0.05,"L-S-T",3
"F08","A","1",0.913,TRUE,0.025,"L-S-T",3
"F08","A","2",0.002,FALSE,0.5,"L-S-T",3
"F08","A","2",0.007,TRUE,0.5,"L-S-T",3
"F08","A","2",0.031,TRUE,0.25,"L-S-T",3
"F08","A","2",0.266,TRUE,0.125,"L-S-T",3
"F08","A","2",1.197,TRUE,0.05,"L-S-T",3
"F08","A","2",1.273,TRUE,0.025,"L-S-T",3
"F09","A","1",1.542,TRUE,0,"C-L-M-T",4
"F09","A","1",0.002,FALSE,0.5,"C-L-M-T",4
"F09","A","1",0.026,TRUE,0.5,"C-L-M-T",4
"F09","A","1",0.199,TRUE,0.25,"C-L-M-T",4
"F09","A","1",0.775,TRUE,0.125,"C-L-M-T",4
"F09","A","1",1.398,TRUE,0.05,"C-L-M-T",4
"F09","A","1",1.306,TRUE,0.025,"C-L-M-T",4
"F09","A","2",0.002,FALSE,0.5,"C-L-M-T",4
"F09","A","2",0.013,TRUE,0.5,"C-L-M-T",4
"F09","A","2",0.082,TRUE,0.25,"C-L-M-T",4
"F09","A","2",0.423,TRUE,0.125,"C-L-M-T",4
"F09","A","2",1.35,TRUE,0.05,"C-L-M-T",4
"F09","A","2",1.331,TRUE,0.025,"C-L-M-T",4
"F09","B","2",0.001,FALSE,0.5,NA,NA
"F09","B","2",0.002,TRUE,0.5,NA,NA
"F09","B","2",0.004,TRUE,0.25,NA,NA
"F09","B","2",0.007,TRUE,0.125,NA,NA
"F09","B","2",0.365,TRUE,0.05,NA,NA
"F09","B","2",1.378,TRUE,0.025,NA,NA
"F10","A","1",1.576,TRUE,0,"E-L-S-T",4
"F10","A","1",0.002,FALSE,0.5,"E-L-S-T",4
"F10","A","1",0.007,TRUE,0.5,"E-L-S-T",4
"F10","A","1",0.038,TRUE,0.25,"E-L-S-T",4
"F10","A","1",0.203,TRUE,0.125,"E-L-S-T",4
"F10","A","1",1.018,TRUE,0.05,"E-L-S-T",4
"F10","A","1",0.802,TRUE,0.025,"E-L-S-T",4
"F10","A","2",0.002,FALSE,0.5,"E-L-S-T",4
"F10","A","2",0.007,TRUE,0.5,"E-L-S-T",4
"F10","A","2",0.022,TRUE,0.25,"E-L-S-T",4
"F10","A","2",0.158,TRUE,0.125,"E-L-S-T",4
"F10","A","2",0.886,TRUE,0.05,"E-L-S-T",4
"F10","A","2",1.294,TRUE,0.025,"E-L-S-T",4
"F11","A","1",1.576,TRUE,0,"L-P-S-T",4
"F11","A","1",0.002,FALSE,0.5,"L-P-S-T",4
"F11","A","1",0.003,TRUE,0.5,"L-P-S-T",4
"F11","A","1",0.004,TRUE,0.25,"L-P-S-T",4
"F11","A","1",0.005,TRUE,0.125,"L-P-S-T",4
"F11","A","1",0.142,TRUE,0.05,"L-P-S-T",4
"F11","A","1",0.781,TRUE,0.025,"L-P-S-T",4
"F11","A","2",0.002,FALSE,0.5,"L-P-S-T",4
"F11","A","2",0.003,TRUE,0.5,"L-P-S-T",4
"F11","A","2",0.004,TRUE,0.25,"L-P-S-T",4
"F11","A","2",0.005,TRUE,0.125,"L-P-S-T",4
"F11","A","2",0.481,TRUE,0.05,"L-P-S-T",4
"F11","A","2",0.721,TRUE,0.025,"L-P-S-T",4
"G01","A","1",1.666,TRUE,0,"T",1
"G01","A","1",0.005,FALSE,0.5,"T",1
"G01","A","1",0.028,TRUE,0.5,"T",1
"G01","A","1",0.19,TRUE,0.25,"T",1
"G01","A","1",0.732,TRUE,0.125,"T",1
"G01","A","1",1.268,TRUE,0.05,"T",1
"G01","A","1",1.479,TRUE,0.025,"T",1
"G01","A","2",0.004,FALSE,0.5,"T",1
"G01","A","2",0.015,TRUE,0.5,"T",1
"G01","A","2",0.124,TRUE,0.25,"T",1
"G01","A","2",0.644,TRUE,0.125,"T",1
"G01","A","2",1.259,TRUE,0.05,"T",1
"G01","A","2",1.475,TRUE,0.025,"T",1
"G01","B","1",0.001,FALSE,0.5,"C-E-M-P-S",5
"G01","B","1",0.005,TRUE,0.5,"C-E-M-P-S",5
"G01","B","1",0.004,TRUE,0.25,"C-E-M-P-S",5
"G01","B","1",0.031,TRUE,0.125,"C-E-M-P-S",5
"G01","B","1",0.242,TRUE,0.05,"C-E-M-P-S",5
"G01","B","1",0.916,TRUE,0.025,"C-E-M-P-S",5
"G02","A","1",1.622,TRUE,0,"P-S",2
"G02","A","1",0.002,FALSE,0.5,"P-S",2
"G02","A","1",0.004,TRUE,0.5,"P-S",2
"G02","A","1",0.005,TRUE,0.25,"P-S",2
"G02","A","1",0.005,TRUE,0.125,"P-S",2
"G02","A","1",0.307,TRUE,0.05,"P-S",2
"G02","A","1",0.88,TRUE,0.025,"P-S",2
"G02","A","2",0.002,FALSE,0.5,"P-S",2
"G02","A","2",0.003,TRUE,0.5,"P-S",2
"G02","A","2",0.004,TRUE,0.25,"P-S",2
"G02","A","2",0.005,TRUE,0.125,"P-S",2
"G02","A","2",0.237,TRUE,0.05,"P-S",2
"G02","A","2",0.708,TRUE,0.025,"P-S",2
"G02","B","1",0.002,FALSE,0.5,"C-M-P-S-T",5
"G02","B","1",0.002,TRUE,0.5,"C-M-P-S-T",5
"G02","B","1",0.004,TRUE,0.25,"C-M-P-S-T",5
"G02","B","1",0.024,TRUE,0.125,"C-M-P-S-T",5
"G02","B","1",0.367,TRUE,0.05,"C-M-P-S-T",5
"G02","B","1",1.245,TRUE,0.025,"C-M-P-S-T",5
"G03","A","1",1.678,TRUE,0,"M-S",2
"G03","A","1",0.003,FALSE,0.5,"M-S",2
"G03","A","1",0.876,TRUE,0.5,"M-S",2
"G03","A","1",1.178,TRUE,0.25,"M-S",2
"G03","A","1",1.448,TRUE,0.125,"M-S",2
"G03","A","1",1.492,TRUE,0.05,"M-S",2
"G03","A","1",1.559,TRUE,0.025,"M-S",2
"G03","A","2",0.002,FALSE,0.5,"M-S",2
"G03","A","2",0.865,TRUE,0.5,"M-S",2
"G03","A","2",1.231,TRUE,0.25,"M-S",2
"G03","A","2",1.361,TRUE,0.125,"M-S",2
"G03","A","2",1.529,TRUE,0.05,"M-S",2
"G03","A","2",1.493,TRUE,0.025,"M-S",2
"G03","B","1",0.211,FALSE,0.5,"",0
"G03","B","1",2.09,TRUE,0.5,"",0
"G03","B","1",2.053,TRUE,0.25,"",0
"G03","B","1",1.695,TRUE,0.125,"",0
"G03","B","1",1.717,TRUE,0.05,"",0
"G03","B","1",1.79,TRUE,0.025,"",0
"G04","A","1",1.47,TRUE,0,"M-P-T",3
"G04","A","1",0.001,FALSE,0.5,"M-P-T",3
"G04","A","1",0.005,TRUE,0.5,"M-P-T",3
"G04","A","1",0.00600000000000001,TRUE,0.25,"M-P-T",3
"G04","A","1",0.048,TRUE,0.125,"M-P-T",3
"G04","A","1",0.915,TRUE,0.05,"M-P-T",3
"G04","A","1",1.222,TRUE,0.025,"M-P-T",3
"G04","A","2",0.001,FALSE,0.5,"M-P-T",3
"G04","A","2",0.004,TRUE,0.5,"M-P-T",3
"G04","A","2",0.004,TRUE,0.25,"M-P-T",3
"G04","A","2",0.00600000000000001,TRUE,0.125,"M-P-T",3
"G04","A","2",0.74,TRUE,0.05,"M-P-T",3
"G04","A","2",1.009,TRUE,0.025,"M-P-T",3
"G04","B","1",0.001,FALSE,0.5,"C-E-L-M-P-S",6
"G04","B","1",0.002,TRUE,0.5,"C-E-L-M-P-S",6
"G04","B","1",0.004,TRUE,0.25,"C-E-L-M-P-S",6
"G04","B","1",0.004,TRUE,0.125,"C-E-L-M-P-S",6
"G04","B","1",0.258,TRUE,0.05,"C-E-L-M-P-S",6
"G04","B","1",1.147,TRUE,0.025,"C-E-L-M-P-S",6
"G05","A","2",0.001,FALSE,0.5,"C-L-T",3
"G05","A","2",0.02,TRUE,0.5,"C-L-T",3
"G05","A","2",0.132,TRUE,0.25,"C-L-T",3
"G05","A","2",0.684,TRUE,0.125,"C-L-T",3
"G05","A","2",1.194,TRUE,0.05,"C-L-T",3
"G05","A","2",1.428,TRUE,0.025,"C-L-T",3
"G06","A","1",1.734,TRUE,0,"E-M-P",3
"G06","A","1",0.002,FALSE,0.5,"E-M-P",3
"G06","A","1",0.004,TRUE,0.5,"E-M-P",3
"G06","A","1",0.005,TRUE,0.25,"E-M-P",3
"G06","A","1",0.035,TRUE,0.125,"E-M-P",3
"G06","A","1",0.918,TRUE,0.05,"E-M-P",3
"G06","A","1",1.264,TRUE,0.025,"E-M-P",3
"G06","A","2",0.002,FALSE,0.5,"E-M-P",3
"G06","A","2",0.003,TRUE,0.5,"E-M-P",3
"G06","A","2",0.003,TRUE,0.25,"E-M-P",3
"G06","A","2",0.005,TRUE,0.125,"E-M-P",3
"G06","A","2",0.21,TRUE,0.05,"E-M-P",3
"G06","A","2",1.039,TRUE,0.025,"E-M-P",3
"G06","B","2",0.001,FALSE,0.5,NA,NA
"G06","B","2",0.002,TRUE,0.5,NA,NA
"G06","B","2",0.003,TRUE,0.25,NA,NA
"G06","B","2",0.004,TRUE,0.125,NA,NA
"G06","B","2",0.26,TRUE,0.05,NA,NA
"G06","B","2",0.983,TRUE,0.025,NA,NA
"G07","A","1",1.595,TRUE,0,"C-E-L-M",4
"G07","A","1",0.003,FALSE,0.5,"C-E-L-M",4
"G07","A","1",1.056,TRUE,0.5,"C-E-L-M",4
"G07","A","1",1.42,TRUE,0.25,"C-E-L-M",4
"G07","A","1",1.445,TRUE,0.125,"C-E-L-M",4
"G07","A","1",1.57,TRUE,0.05,"C-E-L-M",4
"G07","A","1",1.558,TRUE,0.025,"C-E-L-M",4
"G07","A","2",0.002,FALSE,0.5,"C-E-L-M",4
"G07","A","2",1.297,TRUE,0.5,"C-E-L-M",4
"G07","A","2",1.492,TRUE,0.25,"C-E-L-M",4
"G07","A","2",1.424,TRUE,0.125,"C-E-L-M",4
"G07","A","2",1.559,TRUE,0.05,"C-E-L-M",4
"G07","A","2",1.521,TRUE,0.025,"C-E-L-M",4
"G07","B","2",0.001,FALSE,0.5,NA,NA
"G07","B","2",0.002,TRUE,0.5,NA,NA
"G07","B","2",0.004,TRUE,0.25,NA,NA
"G07","B","2",0.005,TRUE,0.125,NA,NA
"G07","B","2",0.364,TRUE,0.05,NA,NA
"G07","B","2",1.04,TRUE,0.025,NA,NA
"G08","A","1",1.556,TRUE,0,"P-S-T",3
"G08","A","1",0.003,FALSE,0.5,"P-S-T",3
"G08","A","1",0.004,TRUE,0.5,"P-S-T",3
"G08","A","1",0.005,TRUE,0.25,"P-S-T",3
"G08","A","1",0.007,TRUE,0.125,"P-S-T",3
"G08","A","1",0.265,TRUE,0.05,"P-S-T",3
"G08","A","1",0.87,TRUE,0.025,"P-S-T",3
"G08","A","2",0.001,FALSE,0.5,"P-S-T",3
"G08","A","2",0.003,TRUE,0.5,"P-S-T",3
"G08","A","2",0.004,TRUE,0.25,"P-S-T",3
"G08","A","2",0.005,TRUE,0.125,"P-S-T",3
"G08","A","2",0.205,TRUE,0.05,"P-S-T",3
"G08","A","2",0.791,TRUE,0.025,"P-S-T",3
"G09","A","1",1.594,TRUE,0,"C-L-P-T",4
"G09","A","1",0.001,FALSE,0.5,"C-L-P-T",4
"G09","A","1",0.004,TRUE,0.5,"C-L-P-T",4
"G09","A","1",0.008,TRUE,0.25,"C-L-P-T",4
"G09","A","1",0.174,TRUE,0.125,"C-L-P-T",4
"G09","A","1",1.026,TRUE,0.05,"C-L-P-T",4
"G09","A","1",1.259,TRUE,0.025,"C-L-P-T",4
"G09","A","2",0.001,FALSE,0.5,"C-L-P-T",4
"G09","A","2",0.003,TRUE,0.5,"C-L-P-T",4
"G09","A","2",0.005,TRUE,0.25,"C-L-P-T",4
"G09","A","2",0.031,TRUE,0.125,"C-L-P-T",4
"G09","A","2",0.994,TRUE,0.05,"C-L-P-T",4
"G09","A","2",1.204,TRUE,0.025,"C-L-P-T",4
"G09","B","2",0,FALSE,0.5,NA,NA
"G09","B","2",0.002,TRUE,0.5,NA,NA
"G09","B","2",0.003,TRUE,0.25,NA,NA
"G09","B","2",0.004,TRUE,0.125,NA,NA
"G09","B","2",0.175,TRUE,0.05,NA,NA
"G09","B","2",1.244,TRUE,0.025,NA,NA
"G10","A","1",1.644,TRUE,0,"E-M-P-S",4
"G10","A","1",0.002,FALSE,0.5,"E-M-P-S",4
"G10","A","1",0.003,TRUE,0.5,"E-M-P-S",4
"G10","A","1",0.004,TRUE,0.25,"E-M-P-S",4
"G10","A","1",0.005,TRUE,0.125,"E-M-P-S",4
"G10","A","1",0.205,TRUE,0.05,"E-M-P-S",4
"G10","A","1",0.793,TRUE,0.025,"E-M-P-S",4
"G10","A","2",0.002,FALSE,0.5,"E-M-P-S",4
"G10","A","2",0.003,TRUE,0.5,"E-M-P-S",4
"G10","A","2",0.004,TRUE,0.25,"E-M-P-S",4
"G10","A","2",0.005,TRUE,0.125,"E-M-P-S",4
"G10","A","2",0.237,TRUE,0.05,"E-M-P-S",4
"G10","A","2",0.691,TRUE,0.025,"E-M-P-S",4
"G11","A","1",1.632,TRUE,0,"M-P-S-T",4
"G11","A","1",0.001,FALSE,0.5,"M-P-S-T",4
"G11","A","1",0.003,TRUE,0.5,"M-P-S-T",4
"G11","A","1",0.004,TRUE,0.25,"M-P-S-T",4
"G11","A","1",0.005,TRUE,0.125,"M-P-S-T",4
"G11","A","1",0.147,TRUE,0.05,"M-P-S-T",4
"G11","A","1",0.75,TRUE,0.025,"M-P-S-T",4
"G11","A","2",0.001,FALSE,0.5,"M-P-S-T",4
"G11","A","2",0.003,TRUE,0.5,"M-P-S-T",4
"G11","A","2",0.004,TRUE,0.25,"M-P-S-T",4
"G11","A","2",0.005,TRUE,0.125,"M-P-S-T",4
"G11","A","2",0.211,TRUE,0.05,"M-P-S-T",4
"G11","A","2",0.775,TRUE,0.025,"M-P-S-T",4
"H01","A","1",1.502,TRUE,0,"",0
"H01","A","1",0.185,FALSE,0.5,"",0
"H01","A","1",2.556,TRUE,0.5,"",0
"H01","A","1",2.071,TRUE,0.25,"",0
"H01","A","1",1.786,TRUE,0.125,"",0
"H01","A","1",1.616,TRUE,0.05,"",0
"H01","A","1",1.342,TRUE,0.025,"",0
"H01","A","2",0.206,FALSE,0.5,"",0
"H01","A","2",2.371,TRUE,0.5,"",0
"H01","A","2",2.068,TRUE,0.25,"",0
"H01","A","2",1.782,TRUE,0.125,"",0
"H01","A","2",1.658,TRUE,0.05,"",0
"H01","A","2",1.637,TRUE,0.025,"",0
"H01","B","1",0.001,FALSE,0.5,"C-E-M-P-T",5
"H01","B","1",0.009,TRUE,0.5,"C-E-M-P-T",5
"H01","B","1",0.005,TRUE,0.25,"C-E-M-P-T",5
"H01","B","1",0.017,TRUE,0.125,"C-E-M-P-T",5
"H01","B","1",1.059,TRUE,0.05,"C-E-M-P-T",5
"H01","B","1",1.654,TRUE,0.025,"C-E-M-P-T",5
"H02","A","1",1.616,TRUE,0,"P-T",2
"H02","A","1",0.004,FALSE,0.5,"P-T",2
"H02","A","1",0.005,TRUE,0.5,"P-T",2
"H02","A","1",0.01,TRUE,0.25,"P-T",2
"H02","A","1",0.146,TRUE,0.125,"P-T",2
"H02","A","1",1.243,TRUE,0.05,"P-T",2
"H02","A","1",1.31,TRUE,0.025,"P-T",2
"H02","A","2",0.003,FALSE,0.5,"P-T",2
"H02","A","2",0.003,TRUE,0.5,"P-T",2
"H02","A","2",0.005,TRUE,0.25,"P-T",2
"H02","A","2",0.01,TRUE,0.125,"P-T",2
"H02","A","2",0.647,TRUE,0.05,"P-T",2
"H02","A","2",1.157,TRUE,0.025,"P-T",2
"H02","B","1",0.18,FALSE,0.5,"",0
"H02","B","1",2.632,TRUE,0.5,"",0
"H02","B","1",1.753,TRUE,0.25,"",0
"H02","B","1",1.74,TRUE,0.125,"",0
"H02","B","1",1.695,TRUE,0.05,"",0
"H02","B","1",1.704,TRUE,0.025,"",0
"H03","A","1",1.645,TRUE,0,"M-T",2
"H03","A","1",0.003,FALSE,0.5,"M-T",2
"H03","A","1",0.014,TRUE,0.5,"M-T",2
"H03","A","1",0.087,TRUE,0.25,"M-T",2
"H03","A","1",0.484,TRUE,0.125,"M-T",2
"H03","A","1",1.25,TRUE,0.05,"M-T",2
"H03","A","1",1.447,TRUE,0.025,"M-T",2
"H03","A","2",0.003,FALSE,0.5,"M-T",2
"H03","A","2",0.009,TRUE,0.5,"M-T",2
"H03","A","2",0.048,TRUE,0.25,"M-T",2
"H03","A","2",0.301,TRUE,0.125,"M-T",2
"H03","A","2",0.981,TRUE,0.05,"M-T",2
"H03","A","2",1.287,TRUE,0.025,"M-T",2
"H03","B","1",0.183,FALSE,0.5,"",0
"H03","B","1",2.652,TRUE,0.5,"",0
"H03","B","1",1.481,TRUE,0.25,"",0
"H03","B","1",1.764,TRUE,0.125,"",0
"H03","B","1",1.636,TRUE,0.05,"",0
"H03","B","1",1.726,TRUE,0.025,"",0
"H04","A","1",1.57,TRUE,0,"M-S-T",3
"H04","A","1",0.002,FALSE,0.5,"M-S-T",3
"H04","A","1",0.007,TRUE,0.5,"M-S-T",3
"H04","A","1",0.04,TRUE,0.25,"M-S-T",3
"H04","A","1",0.276,TRUE,0.125,"M-S-T",3
"H04","A","1",1.113,TRUE,0.05,"M-S-T",3
"H04","A","1",1.161,TRUE,0.025,"M-S-T",3
"H04","A","2",0.003,FALSE,0.5,"M-S-T",3
"H04","A","2",0.00600000000000001,TRUE,0.5,"M-S-T",3
"H04","A","2",0.021,TRUE,0.25,"M-S-T",3
"H04","A","2",0.205,TRUE,0.125,"M-S-T",3
"H04","A","2",1.049,TRUE,0.05,"M-S-T",3
"H04","A","2",1.28,TRUE,0.025,"M-S-T",3
"H04","B","1",0.001,FALSE,0.5,"C-E-L-M-P-S-T",7
"H04","B","1",0.003,TRUE,0.5,"C-E-L-M-P-S-T",7
"H04","B","1",0.003,TRUE,0.25,"C-E-L-M-P-S-T",7
"H04","B","1",0.005,TRUE,0.125,"C-E-L-M-P-S-T",7
"H04","B","1",0.173,TRUE,0.05,"C-E-L-M-P-S-T",7
"H04","B","1",0.806,TRUE,0.025,"C-E-L-M-P-S-T",7
"H05","A","1",1.686,TRUE,0,"C-M-P",3
"H05","A","1",0.002,FALSE,0.5,"C-M-P",3
"H05","A","1",0.005,TRUE,0.5,"C-M-P",3
"H05","A","1",0.008,TRUE,0.25,"C-M-P",3
"H05","A","1",0.056,TRUE,0.125,"C-M-P",3
"H05","A","1",1.061,TRUE,0.05,"C-M-P",3
"H05","A","1",1.457,TRUE,0.025,"C-M-P",3
"H05","A","2",0.002,FALSE,0.5,"C-M-P",3
"H05","A","2",0.003,TRUE,0.5,"C-M-P",3
"H05","A","2",0.005,TRUE,0.25,"C-M-P",3
"H05","A","2",0.073,TRUE,0.125,"C-M-P",3
"H05","A","2",0.854,TRUE,0.05,"C-M-P",3
"H05","A","2",1.316,TRUE,0.025,"C-M-P",3
"H06","A","1",1.561,TRUE,0,"E-M-S",3
"H06","A","1",0.002,FALSE,0.5,"E-M-S",3
"H06","A","1",0.578,TRUE,0.5,"E-M-S",3
"H06","A","1",0.954,TRUE,0.25,"E-M-S",3
"H06","A","1",1.215,TRUE,0.125,"E-M-S",3
"H06","A","1",1.542,TRUE,0.05,"E-M-S",3
"H06","A","1",1.557,TRUE,0.025,"E-M-S",3
"H06","A","2",0.002,FALSE,0.5,"E-M-S",3
"H06","A","2",0.495,TRUE,0.5,"E-M-S",3
"H06","A","2",0.869,TRUE,0.25,"E-M-S",3
"H06","A","2",1.333,TRUE,0.125,"E-M-S",3
"H06","A","2",1.454,TRUE,0.05,"E-M-S",3
"H06","A","2",1.525,TRUE,0.025,"E-M-S",3
"H06","B","2",0.001,FALSE,0.5,NA,NA
"H06","B","2",0.003,TRUE,0.5,NA,NA
"H06","B","2",0.003,TRUE,0.25,NA,NA
"H06","B","2",0.01,TRUE,0.125,NA,NA
"H06","B","2",0.668,TRUE,0.05,NA,NA
"H06","B","2",1.23,TRUE,0.025,NA,NA
"H07","A","1",1.591,TRUE,0,"C-E-L-P",4
"H07","A","1",0.002,FALSE,0.5,"C-E-L-P",4
"H07","A","1",0.005,TRUE,0.5,"C-E-L-P",4
"H07","A","1",0.013,TRUE,0.25,"C-E-L-P",4
"H07","A","1",0.139,TRUE,0.125,"C-E-L-P",4
"H07","A","1",1.385,TRUE,0.05,"C-E-L-P",4
"H07","A","1",1.462,TRUE,0.025,"C-E-L-P",4
"H07","A","2",0.002,FALSE,0.5,"C-E-L-P",4
"H07","A","2",0.004,TRUE,0.5,"C-E-L-P",4
"H07","A","2",0.008,TRUE,0.25,"C-E-L-P",4
"H07","A","2",0.104,TRUE,0.125,"C-E-L-P",4
"H07","A","2",1.118,TRUE,0.05,"C-E-L-P",4
"H07","A","2",1.39,TRUE,0.025,"C-E-L-P",4
"H07","B","2",0.207,FALSE,0.5,NA,NA
"H07","B","2",2.526,TRUE,0.5,NA,NA
"H07","B","2",1.947,TRUE,0.25,NA,NA
"H07","B","2",1.698,TRUE,0.125,NA,NA
"H07","B","2",1.667,TRUE,0.05,NA,NA
"H07","B","2",1.652,TRUE,0.025,NA,NA
"H08","A","1",1.535,TRUE,0,"",0
"H08","A","1",0.181,FALSE,0.5,"",0
"H08","A","1",2.165,TRUE,0.5,"",0
"H08","A","1",2.064,TRUE,0.25,"",0
"H08","A","1",1.728,TRUE,0.125,"",0
"H08","A","1",1.628,TRUE,0.05,"",0
"H08","A","1",1.593,TRUE,0.025,"",0
"H08","A","2",0.04,FALSE,0.5,"",0
"H08","A","2",3.009,TRUE,0.5,"",0
"H08","A","2",2.164,TRUE,0.25,"",0
"H08","A","2",1.837,TRUE,0.125,"",0
"H08","A","2",1.631,TRUE,0.05,"",0
"H08","A","2",1.579,TRUE,0.025,"",0
"H09","A","1",1.656,TRUE,0,"C-M-P-T",4
"H09","A","1",0.002,FALSE,0.5,"C-M-P-T",4
"H09","A","1",0.004,TRUE,0.5,"C-M-P-T",4
"H09","A","1",0.007,TRUE,0.25,"C-M-P-T",4
"H09","A","1",0.041,TRUE,0.125,"C-M-P-T",4
"H09","A","1",0.991,TRUE,0.05,"C-M-P-T",4
"H09","A","1",1.353,TRUE,0.025,"C-M-P-T",4
"H09","A","2",0.002,FALSE,0.5,"C-M-P-T",4
"H09","A","2",0.003,TRUE,0.5,"C-M-P-T",4
"H09","A","2",0.005,TRUE,0.25,"C-M-P-T",4
"H09","A","2",0.05,TRUE,0.125,"C-M-P-T",4
"H09","A","2",0.868,TRUE,0.05,"C-M-P-T",4
"H09","A","2",1.235,TRUE,0.025,"C-M-P-T",4
"H09","B","2",0.001,FALSE,0.5,NA,NA
"H09","B","2",0.003,TRUE,0.5,NA,NA
"H09","B","2",0.003,TRUE,0.25,NA,NA
"H09","B","2",0.004,TRUE,0.125,NA,NA
"H09","B","2",0.273,TRUE,0.05,NA,NA
"H09","B","2",0.879,TRUE,0.025,NA,NA
"H10","A","1",1.546,TRUE,0,"E-M-P-T",4
"H10","A","1",0.003,FALSE,0.5,"E-M-P-T",4
"H10","A","1",0.004,TRUE,0.5,"E-M-P-T",4
"H10","A","1",0.00600000000000001,TRUE,0.25,"E-M-P-T",4
"H10","A","1",0.015,TRUE,0.125,"E-M-P-T",4
"H10","A","1",0.775,TRUE,0.05,"E-M-P-T",4
"H10","A","1",1.192,TRUE,0.025,"E-M-P-T",4
"H10","A","2",0.002,FALSE,0.5,"E-M-P-T",4
"H10","A","2",0.003,TRUE,0.5,"E-M-P-T",4
"H10","A","2",0.004,TRUE,0.25,"E-M-P-T",4
"H10","A","2",0.007,TRUE,0.125,"E-M-P-T",4
"H10","A","2",0.502,TRUE,0.05,"E-M-P-T",4
"H10","A","2",1.194,TRUE,0.025,"E-M-P-T",4
"H11","A","1",1.524,TRUE,0,"",0
"H11","A","1",0.004,FALSE,0.5,"",0
"H11","A","1",0.022,TRUE,0.5,"",0
"H11","A","1",0.169,TRUE,0.25,"",0
"H11","A","1",0.677,TRUE,0.125,"",0
"H11","A","1",1.177,TRUE,0.05,"",0
"H11","A","1",1.443,TRUE,0.025,"",0
"H11","A","2",0.044,FALSE,0.5,"",0
"H11","A","2",2.999,TRUE,0.5,"",0
"H11","A","2",2.159,TRUE,0.25,"",0
"H11","A","2",1.883,TRUE,0.125,"",0
"H11","A","2",1.683,TRUE,0.05,"",0
"H11","A","2",1.602,TRUE,0.025,"",0
